username,user id,access hash,name,group,group id
alfi_solomon,1928989945,-4434644221558864600,zlo_77,СТИЧ | ЧАТИК,1476408991
meowjulxx,1431766207,-3528713263942285601,︎.,СТИЧ | ЧАТИК,1476408991
,1897166020,-5165460167249357942,Сикрет Сикрет,СТИЧ | ЧАТИК,1476408991
spermaBOBRA1,744018004,7987180707939947808,Джон Династи,СТИЧ | ЧАТИК,1476408991
kiekxll,5083588564,8510820739198148714,Kuroro.,СТИЧ | ЧАТИК,1476408991
,1874834786,-4438813752957056262,zxc?,СТИЧ | ЧАТИК,1476408991
negt_zxc0,1170665095,-2336602004629598183,negr_zxc0,СТИЧ | ЧАТИК,1476408991
,5196690687,6990015066035897248,"Sasha""880",СТИЧ | ЧАТИК,1476408991
skitalec20,2105814095,-8972298361275597588,Че Ге Вара,СТИЧ | ЧАТИК,1476408991
,5296097800,-1682309889363067401,Матвей,СТИЧ | ЧАТИК,1476408991
Ya_ghool228,1211830379,-6154664182251037703,абоба,СТИЧ | ЧАТИК,1476408991
anton221212,1910940014,3291540746669263931,少,СТИЧ | ЧАТИК,1476408991
m_a_k_s_i_m89,2103021892,-6912066385854208294,Mak$,СТИЧ | ЧАТИК,1476408991
CuRsEdIkzxc,2052445188,-4948801115472038193,||ZXCursed||,СТИЧ | ЧАТИК,1476408991
,5455760464,1787552113811367166,Мехриддин,СТИЧ | ЧАТИК,1476408991
vlad_investr,5418815174,-8565675825167984509,Владислав Прошников,СТИЧ | ЧАТИК,1476408991
,5676993340,-3242230807905704092,Максим,СТИЧ | ЧАТИК,1476408991
,5327522889,2521830625205703700,Boev. F,СТИЧ | ЧАТИК,1476408991
meeoowowwo,1716755135,2948503149825597375,^^,СТИЧ | ЧАТИК,1476408991
B0_d1a,5600325171,-92757581534047577,Богдан,СТИЧ | ЧАТИК,1476408991
V_i_ky_l_a,5407104433,-3607278316321080764,Бªŋđıŧķª♡,СТИЧ | ЧАТИК,1476408991
Dedi_Morozov,5042178809,7133050441417253788,~Обычный парень♡~,СТИЧ | ЧАТИК,1476408991
Atval10,5039201225,-5354579527755837413,Walter142,СТИЧ | ЧАТИК,1476408991
Nastya_star13,1514074467,6614474800997635109,Н̸а̸с̸т̸я̸ш̸а̸ няша<3,СТИЧ | ЧАТИК,1476408991
Asieshechka,5384510323,3809807444448614644,Asie,СТИЧ | ЧАТИК,1476408991
,5172399457,5204988038071523737,информация не найдена,СТИЧ | ЧАТИК,1476408991
,5132838474,1657789438311602980,Биограв Артемий,СТИЧ | ЧАТИК,1476408991
,5762226441,40037987670709663,🖤🌹𝑀𝑖𝑙𝑘𝑎🌹🖤,СТИЧ | ЧАТИК,1476408991
,5320121406,-8942554580957284565,[K7] f06iya,СТИЧ | ЧАТИК,1476408991
ALIKFLOPPA,1114857309,3541696143765328193,.,СТИЧ | ЧАТИК,1476408991
Dasha08078,5047241330,6387121227820340486,𝒹𝒶𝓈𝒽𝒶♡︎,СТИЧ | ЧАТИК,1476408991
,5363091140,-6760424993783291612,Секретный,СТИЧ | ЧАТИК,1476408991
,5601794589,-1889246995692709510,Настя,СТИЧ | ЧАТИК,1476408991
,1211745648,823943839160653026,жигуль,СТИЧ | ЧАТИК,1476408991
,5656861894,2251650419943061313,Тимур,СТИЧ | ЧАТИК,1476408991
fuga_331,1967093136,3100903915175607294,Hariki,СТИЧ | ЧАТИК,1476408991
,5782716974,-1503739907849701931,Анастасия,СТИЧ | ЧАТИК,1476408991
Juwkin,2016716739,6199294937991225832,Jushkin.,СТИЧ | ЧАТИК,1476408991
kog123,5145398100,5868847520785003115,~АлИсА~,СТИЧ | ЧАТИК,1476408991
,5796576110,-5232528227483967639,Mythic,СТИЧ | ЧАТИК,1476408991
grandmotherKatya2,5005252366,1048552675260563475,бабушка Катя,СТИЧ | ЧАТИК,1476408991
NLO_OBRAZCA_T34,1803769657,5017903526099860183,хз какойто ноунейм,СТИЧ | ЧАТИК,1476408991
Phonkomayzer,1047632396,7311467894892737757,D.eaa.d,СТИЧ | ЧАТИК,1476408991
Z_x_ch,5226959032,-4387543202005094897,♡♤бебра (♡_♡),СТИЧ | ЧАТИК,1476408991
,5589723959,-5677485932249486769,симбачка❤️💗,СТИЧ | ЧАТИК,1476408991
,5219523543,3488363140864671754,Серго,СТИЧ | ЧАТИК,1476408991
Teyan_yi_5824,2098197861,-7024589419745375920,𝘼𝙜𝙍𝙚𝙎𝙨𝙎𝙞𝙔𝙖,СТИЧ | ЧАТИК,1476408991
,5585830178,-2734170331023808336,͓̽Н͓͓̽̽а͓͓̽̽р͓͓̽̽и͓͓̽̽к͓̽,СТИЧ | ЧАТИК,1476408991
Samuray230,5576372764,1099534575569397452,Отабек,СТИЧ | ЧАТИК,1476408991
nastya_1285,5597732464,-801619439703524505,котик❤️,СТИЧ | ЧАТИК,1476408991
Koroleva2014,5137869950,-5849409417792280742,♡︎МОШКА♡︎,СТИЧ | ЧАТИК,1476408991
,5281921794,-7606684944450927083,.,СТИЧ | ЧАТИК,1476408991
,1654651516,3242040657645158197,Zhenya,СТИЧ | ЧАТИК,1476408991
Aikokor,1809775198,-7649295527610284293,.,СТИЧ | ЧАТИК,1476408991
,5113207235,6963598838351148726,Саид Гайдаров,СТИЧ | ЧАТИК,1476408991
ArtQuis,5037383773,-8275492129539618284,ArtCool Топчик,СТИЧ | ЧАТИК,1476408991
Kokomi_123,5208544215,-540990519438400098,💞ツ.кокоми.難ツ💞,СТИЧ | ЧАТИК,1476408991
Anastas_sb,857734103,-3343620757928570441,Анастасия Бакина,СТИЧ | ЧАТИК,1476408991
Gaara84685,5572690149,-1884134621778327425,Гаара,СТИЧ | ЧАТИК,1476408991
,5480661517,2858089842180930945,WoW skool,СТИЧ | ЧАТИК,1476408991
May_Myrrrrr_rrr,1958216444,-4741696220614688603,Котя..)♡,СТИЧ | ЧАТИК,1476408991
Wxsviqq,5598542368,-1933413635136505186,Я в декабре 2020.,СТИЧ | ЧАТИК,1476408991
Dauvin228,5601020593,-6270014858333095646,Видите текст,СТИЧ | ЧАТИК,1476408991
Russia20212,1968689999,2157649547955173939,холодильник.,СТИЧ | ЧАТИК,1476408991
vi_ka_UwU,5469986892,-7936048375446118230,Житель Здохヾ(＾-＾)ノ,СТИЧ | ЧАТИК,1476408991
,1743358731,-4366813971471007829,ᅠ,СТИЧ | ЧАТИК,1476408991
Drug_Glumera,5256959936,-1057413888926110384,Сардорыч,СТИЧ | ЧАТИК,1476408991
Ktoto9_1,1694858687,5503487988534322102,Андрій-андройд,СТИЧ | ЧАТИК,1476408991
Hidanhic,5717089568,4079590917522131961,Не кто,СТИЧ | ЧАТИК,1476408991
,5572157409,-4736960879428955863,D,СТИЧ | ЧАТИК,1476408991
,5684398841,-408632971922757469,14,СТИЧ | ЧАТИК,1476408991
IPPO_TOP,1307795033,-2773602709385676759,IPPO,СТИЧ | ЧАТИК,1476408991
,5447133465,6258998163552125249,Станіслав Пануровський,СТИЧ | ЧАТИК,1476408991
m_lol_m_lol,1548060390,2501573781332653928,Чооо,СТИЧ | ЧАТИК,1476408991
Rikxxx,550462616,-2654886863985376281,Rik Xxx,СТИЧ | ЧАТИК,1476408991
pupsik_puups,5081576195,-4278678543262259524,Ангелина,СТИЧ | ЧАТИК,1476408991
zxc_inside228,1465744755,7626115706556687903,Ева,СТИЧ | ЧАТИК,1476408991
ZLOYBNblY,5605059789,9127980870786606578,ZLOY,СТИЧ | ЧАТИК,1476408991
Deffffrr,1923529371,5887282633258586864,Дэш,СТИЧ | ЧАТИК,1476408991
Ler4ek_2022,1665822750,-3273217096343872362,🤙🏿👳🏿‍♂️ЛЕРОЧКА🤙🏿,СТИЧ | ЧАТИК,1476408991
Fjjl_23,5791704302,688817846448999743,настя Стародубова,СТИЧ | ЧАТИК,1476408991
,5120166233,6218771262874719426,Spyxfam,СТИЧ | ЧАТИК,1476408991
,5219877606,9204685071198259045,незу,СТИЧ | ЧАТИК,1476408991
,1446620997,-3995306702425199147,🇺🇦Nasty🇺🇦,СТИЧ | ЧАТИК,1476408991
tolik_oo,5123711704,-4136303599852842855,Tolegen,СТИЧ | ЧАТИК,1476408991
,1796331878,-7353147857655092732,Фархан Салманзаде,СТИЧ | ЧАТИК,1476408991
Potato_yt456,1267913953,-926462344547648783,Потато,СТИЧ | ЧАТИК,1476408991
,5659034655,-5340833764073346161,ульяночка),СТИЧ | ЧАТИК,1476408991
Shyyary,1077062777,-5502165771728594097,Dech,СТИЧ | ЧАТИК,1476408991
va14500,5253289668,-6033939774415899859,💞Ангел💞,СТИЧ | ЧАТИК,1476408991
,5626621250,-1055081795926052494,Rwxz,СТИЧ | ЧАТИК,1476408991
Asya3728,1295940503,5927716802187905786,Алинка🐁,СТИЧ | ЧАТИК,1476408991
muxa999,1627971370,-4072080126323165825,Миша Крылов,СТИЧ | ЧАТИК,1476408991
,1853986564,-3530436618223842089,♡соняня♡,СТИЧ | ЧАТИК,1476408991
,669981249,-5225563876139434175,ник ник,СТИЧ | ЧАТИК,1476408991
,5394954210,-920659752648093944,Demon_09941,СТИЧ | ЧАТИК,1476408991
,5487012436,-3308633073421255892,Моя новая сумка подходит под мои деньги,СТИЧ | ЧАТИК,1476408991
sashatopchik2,1791374480,4809858796018259036,❦𝓜𝓲𝓼𝓼⋆ĞĂŃĞ💎ღ,СТИЧ | ЧАТИК,1476408991
,5334799555,136443999061398269,No Name,СТИЧ | ЧАТИК,1476408991
zxneheyv,5510424098,6554681208769889923,"Не смей меня обидеть,а то пожалеешь",СТИЧ | ЧАТИК,1476408991
,5116154317,-9113153888072594267,Евгений Полянский,СТИЧ | ЧАТИК,1476408991
Botik_jopa,5739836298,-3628858873358659072,Саня,СТИЧ | ЧАТИК,1476408991
sofiaK_9,5247907915,-2582438561212133521,§ofia,СТИЧ | ЧАТИК,1476408991
instasamka_5555555,5579237210,7913038411346302095,. .,СТИЧ | ЧАТИК,1476408991
,5496879134,2229961354646955786,N N,СТИЧ | ЧАТИК,1476408991
iziklab13,5111437708,8531933268653006923,ромулик,СТИЧ | ЧАТИК,1476408991
D_a_ap_p,1485810875,-9124916535833885228,Мать,СТИЧ | ЧАТИК,1476408991
djdnejejej,1940311066,3410676161199375348,🫶شاريبوف,СТИЧ | ЧАТИК,1476408991
,5347102312,-8408609899885050980,Свєта,СТИЧ | ЧАТИК,1476408991
,5423265479,3713355709344467185,Оля,СТИЧ | ЧАТИК,1476408991
,5762932904,-4551985497614806885,_i_r_i_n_a_,СТИЧ | ЧАТИК,1476408991
wankkq,1480975037,5869823259296704996,Копеечка,СТИЧ | ЧАТИК,1476408991
Dazai_osamu22,5277958212,1164509588704540454,Дед инсайд🤍,СТИЧ | ЧАТИК,1476408991
,1657795833,4062875893882095089,Богдан Стекло,СТИЧ | ЧАТИК,1476408991
,5586520170,3324599749386647417,Gigi Gigi,СТИЧ | ЧАТИК,1476408991
,1378467688,-981180853001311671,I don't know,СТИЧ | ЧАТИК,1476408991
Foik_k,961653380,-6416931418100273200,Foik,СТИЧ | ЧАТИК,1476408991
ppwwwvv,5621895042,7509132709189080199,Ульяна,СТИЧ | ЧАТИК,1476408991
starsfallingintodepthofhumanity,778346739,5638001608213009454,Average Average *my opinion* enjoyer,СТИЧ | ЧАТИК,1476408991
,5517651670,2479506345704291234,Никита.,СТИЧ | ЧАТИК,1476408991
Bebra1232,1714167512,5314343886543999354,𐌺ᥲᥰᥙδᥲρᥲ 💗,СТИЧ | ЧАТИК,1476408991
Bos_3964,5597000860,-6111568202218853781,Хрящик Крашихи❤️😈,СТИЧ | ЧАТИК,1476408991
viwalpi,972335836,-7231636661328418287,тото,СТИЧ | ЧАТИК,1476408991
LinixPubg,5530890738,2755289942550451906,;,СТИЧ | ЧАТИК,1476408991
nushtoskazat86,5495846406,-3177581745480543829,это моя любовь!,СТИЧ | ЧАТИК,1476408991
,1928888394,-1793905306024044590,........,СТИЧ | ЧАТИК,1476408991
kotuk7272,5400136107,-240949152522261152,ßøtīk,СТИЧ | ЧАТИК,1476408991
zxcursed_0o,5224402080,3435078374402171553,o(>ω<)o,СТИЧ | ЧАТИК,1476408991
Vladik228000,988378296,-7453051374128693231,владислав,СТИЧ | ЧАТИК,1476408991
Fosikdjcjjgf,1802734659,3104181130750493632,Тоджик,СТИЧ | ЧАТИК,1476408991
Lg_Aladdin,1764697039,4961910665795668009,.....,СТИЧ | ЧАТИК,1476408991
,5309943013,-7664941586708447570,Gri Bok,СТИЧ | ЧАТИК,1476408991
,5427646779,180498144835278582,Крутой парень,СТИЧ | ЧАТИК,1476408991
rtuuutDDS,5186012071,-1139837529877248700,DDS,СТИЧ | ЧАТИК,1476408991
tehnik17182,993625696,-1542319521680142163,ноу нейм,СТИЧ | ЧАТИК,1476408991
nevstan,1299286972,3691862273520722507,mincomelilover,СТИЧ | ЧАТИК,1476408991
,1635591654,-4221498329856975368,Бекманова Алнур:),СТИЧ | ЧАТИК,1476408991
Zoro_ibal_vers_naruto32442,2118873653,2958011384245663446,Королева🥵🥵🥵,СТИЧ | ЧАТИК,1476408991
,1470111973,-8056720407869979051,🤣Тупо я🤣,СТИЧ | ЧАТИК,1476408991
,5006315703,-6887897055215748653,Tatyana,СТИЧ | ЧАТИК,1476408991
Folz_Olz,1758108751,-2822229941310391552,FOLZ,СТИЧ | ЧАТИК,1476408991
,5569444599,7682105124725629696,Romario 😂,СТИЧ | ЧАТИК,1476408991
,5378066239,-5944301995486505723,С.Б.О.,СТИЧ | ЧАТИК,1476408991
Crow1512,5694581190,413545996599392999,Воробушек,СТИЧ | ЧАТИК,1476408991
wontyfor2,1085908904,7838227181478588913,[K7]Даниил,СТИЧ | ЧАТИК,1476408991
ssss_0909,1624692895,1348391725164851392,АДМИН,СТИЧ | ЧАТИК,1476408991
,5406311085,5604312793196996084,😅,СТИЧ | ЧАТИК,1476408991
xxssvvq,817898757,-8992852163133159200,⛓️🖤,СТИЧ | ЧАТИК,1476408991
Aeytuza,2028777361,-8762150829928591831,Nilufar,СТИЧ | ЧАТИК,1476408991
,1287296682,-8772607511674034041,БЕРБИК😤🤬😡,СТИЧ | ЧАТИК,1476408991
,5720110793,-728218054728670770,Millbrand Jablonowski,СТИЧ | ЧАТИК,1476408991
Aniliasi,5118692341,-3307017526179510393,Aswer,СТИЧ | ЧАТИК,1476408991
NuzzyUA,1313344015,419345335853737191,nuzzy,СТИЧ | ЧАТИК,1476408991
,2018554027,-8216375264450408794,александра имя ася ♡♥︎✝︎✞,СТИЧ | ЧАТИК,1476408991
AXAXAXXAAXAXXAXAXAXAXAXXAXAXA,5133241201,5624990210196050414,تبا لك,СТИЧ | ЧАТИК,1476408991
ulibafaka,1340009895,-1575347596630208718,сексичикс,СТИЧ | ЧАТИК,1476408991
,1542189066,6441492437712803016,Артур,СТИЧ | ЧАТИК,1476408991
nu_tip_misha,1189294894,7428110397307486868,malishhhhh,СТИЧ | ЧАТИК,1476408991
,1165499492,3028504523709750239,Пак Поручук,СТИЧ | ЧАТИК,1476408991
sgbwvenb3,5241350349,-218528038707733044,R.S.R,СТИЧ | ЧАТИК,1476408991
,2119464364,3728328867386518866,Яна,СТИЧ | ЧАТИК,1476408991
Foloo00o,5518310086,8460512052057858082,Энло,СТИЧ | ЧАТИК,1476408991
YaBebrikCykaAxyel,5581605256,-8198696467319861155,Я гулб,СТИЧ | ЧАТИК,1476408991
MMMMMMM8657,1667249881,2726975456698219235,Кобра Максим,СТИЧ | ЧАТИК,1476408991
ler_ksikik,5664472208,6933821958825718537,НЕГА ПЬЕНЕ😩🐾,СТИЧ | ЧАТИК,1476408991
Ghhhun,1315702556,2349574555956231317,ROKAREVKA,СТИЧ | ЧАТИК,1476408991
,5775783338,-1926920224780116744,MERAGOR,СТИЧ | ЧАТИК,1476408991
,5722025888,-5139928610855394614,Исмагил,СТИЧ | ЧАТИК,1476408991
noHRTH0,5570267465,7006638752391637439,.,СТИЧ | ЧАТИК,1476408991
Wxcv37,5454889581,-2031596552904654787,LoL,СТИЧ | ЧАТИК,1476408991
,5421342819,784621347612518820,"°наyчu°жuзни° <но ""как>ты ¶меня§научишь?§×¶",СТИЧ | ЧАТИК,1476408991
a_kalina05,1777755308,-8816462857721956690,Артемий,СТИЧ | ЧАТИК,1476408991
wety_cays,1219549605,-8951528129089924213,Высоковольтный Майонез,СТИЧ | ЧАТИК,1476408991
,5404718377,-5991320239476162239,🥵🥵🥵,СТИЧ | ЧАТИК,1476408991
POHYIBLYAA,1727120775,5327059203639547304,Федор Машуков,СТИЧ | ЧАТИК,1476408991
,5431659954,-8288348702416861722,⎳𝓸𝓿𝓮❥❤️,СТИЧ | ЧАТИК,1476408991
molochko_kefyrchyk,1841706992,6980065065976221191,Сметанка,СТИЧ | ЧАТИК,1476408991
mybee_fo,1258723673,-1182699054388343619,Мяу🇷🇺,СТИЧ | ЧАТИК,1476408991
Arteeeemo,752865719,-4902967002205653059,Артем,СТИЧ | ЧАТИК,1476408991
lovereitman,5473974818,-4036311751559144037,я богачка,СТИЧ | ЧАТИК,1476408991
,5560965679,7682092229310171470,,СТИЧ | ЧАТИК,1476408991
rakseks,5739795167,-5053691133504062786,Рина,СТИЧ | ЧАТИК,1476408991
,5206531826,6107602329732650031,BoS,СТИЧ | ЧАТИК,1476408991
Polina_kili,1951034022,-4226908918750931848,Lilu,СТИЧ | ЧАТИК,1476408991
sosinah,1376794020,-4706997581344604975,🗣💋,СТИЧ | ЧАТИК,1476408991
KPOKOGNL,5142193057,700073133098531538,® КУКЛА КОЛДУНА,СТИЧ | ЧАТИК,1476408991
eidfo,5235942656,-3221291042655271120,•Arisha•,СТИЧ | ЧАТИК,1476408991
liw_555,1772364146,7376973089350364021,Оксана),СТИЧ | ЧАТИК,1476408991
Handsome_20,1994284320,4701369998069936714,..,СТИЧ | ЧАТИК,1476408991
,2096450037,-1705519192366832026,Александр,СТИЧ | ЧАТИК,1476408991
,1644375428,-1757238550971969020,☕︎Соничка☀︎,СТИЧ | ЧАТИК,1476408991
flasterin,5478066672,4695321466174782428,Nuri(coder) ♧,СТИЧ | ЧАТИК,1476408991
,5434792247,-6962021674925680334,Zamir Zamirov,СТИЧ | ЧАТИК,1476408991
,5694957158,834118557189987054,,СТИЧ | ЧАТИК,1476408991
,5537552938,453247961954909774,Андрей,СТИЧ | ЧАТИК,1476408991
desert_rose6,5340526396,-2561928955015161709,~розочка~,СТИЧ | ЧАТИК,1476408991
,5445900775,1750919886073809649,🐼ЕВА🐼,СТИЧ | ЧАТИК,1476408991
Tails65,1867469546,3483731318980093437,Tails,СТИЧ | ЧАТИК,1476408991
Music_playmp2,5500076803,-4252645087201916400,Сашок,СТИЧ | ЧАТИК,1476408991
,5470106645,6656927972624035392,Jojo,СТИЧ | ЧАТИК,1476408991
,5707919589,4135523707270285841,Менеджер,СТИЧ | ЧАТИК,1476408991
Foloooo,1653245192,1553247297301110193,Фоло,СТИЧ | ЧАТИК,1476408991
Daskaaaapro,5601752926,-5906152223901313748,❤☠︎︎✞︎Dashutka about✞︎☠︎︎❤,СТИЧ | ЧАТИК,1476408991
Jdjsnjwlwlek,1974660483,-5836589733639486297,Котя,СТИЧ | ЧАТИК,1476408991
,5112136128,-3407090560524194860,Пётр Олегович ММА,СТИЧ | ЧАТИК,1476408991
Malushka8923,5511768170,8732266572216115622,Милаха,СТИЧ | ЧАТИК,1476408991
lafks20,5141894679,-3808935888749819205,Мировой админ,СТИЧ | ЧАТИК,1476408991
mariz_zzz0,5006893573,-1968760579472808634,^°^,СТИЧ | ЧАТИК,1476408991
,2129571484,-1657156910932003874,Глеб Соколов Глеб Соколов,СТИЧ | ЧАТИК,1476408991
,2023015772,1718742178353867579,LEVA_BABY,СТИЧ | ЧАТИК,1476408991
dobraya16,5475865379,-1638196325649699271,Эмили Френк,СТИЧ | ЧАТИК,1476408991
kwalop,1157401555,-7183785446576782293,˙Лия˙,СТИЧ | ЧАТИК,1476408991
KrygliySapog,5355348284,-6781076602889446994,дедли паркур киллер дарк бравл старс ассасин сталкер снайпер 1998рус,СТИЧ | ЧАТИК,1476408991
NoogusGD,5051999858,3771527365522588035,¶Тучка×§,СТИЧ | ЧАТИК,1476408991
,1285203052,-4052010786345792099,Алёна,СТИЧ | ЧАТИК,1476408991
Trip22,1317087250,8929218453098049665,Stiks,СТИЧ | ЧАТИК,1476408991
,5338815132,2182765357999421540,Vano Ionov,СТИЧ | ЧАТИК,1476408991
,1818990106,-3391515808732191802,♡,СТИЧ | ЧАТИК,1476408991
AlexBondar3,647393488,4967217660020485664,Alex,СТИЧ | ЧАТИК,1476408991
vlakik8,1467488962,-8555721571900517485,Vlad,СТИЧ | ЧАТИК,1476408991
,5769410198,894787432110222182,DERGUY,СТИЧ | ЧАТИК,1476408991
Danya_F57,5456746371,-1832719333541962300,༒︎𝔻𝕒𝕟𝕪𝕒༒︎,СТИЧ | ЧАТИК,1476408991
GOL0IY,5519929023,7718873600505915011,kotik,СТИЧ | ЧАТИК,1476408991
,5412141996,8521690449809822621,Аян,СТИЧ | ЧАТИК,1476408991
Uuluuufss,5152331069,9154201414262040295,~Владик~,СТИЧ | ЧАТИК,1476408991
Gaga7775,5437513914,-5574347308133206595,My Dear,СТИЧ | ЧАТИК,1476408991
iandi0,1428441111,2415058582667684230,me,СТИЧ | ЧАТИК,1476408991
Chpl344,1476190614,-2046530589364885545,Hazuko,СТИЧ | ЧАТИК,1476408991
tohejeidn,5794323699,-1879166997137800620,Звон,СТИЧ | ЧАТИК,1476408991
Huego_141,5360706052,-3814084615222542426,Payzullayev Behruz,СТИЧ | ЧАТИК,1476408991
,1990191937,-1632926169020400241,Fantom kun,СТИЧ | ЧАТИК,1476408991
Masha_romashka08,5168973764,-440677951154022646,Мария Сажин,СТИЧ | ЧАТИК,1476408991
,5773697136,7502663371924376030,,СТИЧ | ЧАТИК,1476408991
Pablonolox,1493368359,-4078792706813672675,Паблонелох?..,СТИЧ | ЧАТИК,1476408991
Oneskome,889440876,-5561539800662786324,Skm,СТИЧ | ЧАТИК,1476408991
HETy_BonpocoB,5132914792,6163500546674229345,😈Он ваm нe Диmон,СТИЧ | ЧАТИК,1476408991
nika_savchenko,649370882,-3694858068928909906,nika_savchenko,СТИЧ | ЧАТИК,1476408991
Geipornokk,5334756086,-7421498739866201446,Gay porno,СТИЧ | ЧАТИК,1476408991
,5666247014,-6067518333405135443,,СТИЧ | ЧАТИК,1476408991
,5737851508,1905941436927634525,),СТИЧ | ЧАТИК,1476408991
,1670549485,6574884745414980420,КароЛина🖇,СТИЧ | ЧАТИК,1476408991
krimcolatop,5211185392,3378367412680506375,кира,СТИЧ | ЧАТИК,1476408991
Tbl_bL1n_chmo,1890036640,4101781533920687967,♡︎|𝑯𝒚𝒖𝒍𝒐_𝒏𝒂𝒙𝒚𝒖|♡︎,СТИЧ | ЧАТИК,1476408991
Artakov_16,2037987019,-4198676443421974341,Said,СТИЧ | ЧАТИК,1476408991
Shpaks32,878534432,4190696584514132676,Борисенко Максим,СТИЧ | ЧАТИК,1476408991
kanabsbsjd,1787208594,-5787002232023711523,.,СТИЧ | ЧАТИК,1476408991
Nagibator228a,5788682636,2162400287470034120,нагибатор Вова,СТИЧ | ЧАТИК,1476408991
al_oleksiyvna,1374567153,4640932223497206426,alinassss14,СТИЧ | ЧАТИК,1476408991
,1888163296,4423774656726535139,Marian4k,СТИЧ | ЧАТИК,1476408991
wzhzww,1496572857,-8904472978174343499,mommy,СТИЧ | ЧАТИК,1476408991
,5370288820,-4636852204616571761,Vodka45,СТИЧ | ЧАТИК,1476408991
Andrey123303,5397137845,1382007524520337316,Animus Tagirov,СТИЧ | ЧАТИК,1476408991
poli_xx_uw,1034259857,-8455091201250750765,♡シ,СТИЧ | ЧАТИК,1476408991
,1188355913,-8060975077003859723,ёричи браь кокушибо☀️☀️☀️ @дыхание_солнца:☀️☀️☀️☀️,СТИЧ | ЧАТИК,1476408991
regejsf,5119196540,4924538249949061625,vlad_-,СТИЧ | ЧАТИК,1476408991
,5664112348,8477724789323922934,🇺🇦,СТИЧ | ЧАТИК,1476408991
LeV4iK5827,2036704760,-4296988300738750231,Лев,СТИЧ | ЧАТИК,1476408991
ON4_SH07,1708924290,-56376637779859863,+ ON£ + $HOT +,СТИЧ | ЧАТИК,1476408991
,5672179120,1417392085576684853,Ева,СТИЧ | ЧАТИК,1476408991
,1494797121,983190170882381370,Мансур,СТИЧ | ЧАТИК,1476408991
Colnisko_fnaf,5160429458,-5849383953245239399,Лимонный сок,СТИЧ | ЧАТИК,1476408991
WoT_David_666,1290392634,-3332352067325010077,ＷｏＴ❥ _×°David°×,СТИЧ | ЧАТИК,1476408991
Dibil_v_tapke,5071356283,5060195011753526248,Долбо маг,СТИЧ | ЧАТИК,1476408991
,5074967337,-9121780029374994013,крыска,СТИЧ | ЧАТИК,1476408991
Love_20718,5351578524,8067971480075495964,♥ Love ♥,СТИЧ | ЧАТИК,1476408991
wlqwx,5265773843,5322023443369885715,а я?,СТИЧ | ЧАТИК,1476408991
wliak,5597388661,4901000692008672404,съем,СТИЧ | ЧАТИК,1476408991
,5100496398,3873363585438972667,МИЛАШКrrrr,СТИЧ | ЧАТИК,1476408991
Axleteam,1787719352,4634249885937974766,Axlebolt,СТИЧ | ЧАТИК,1476408991
uaFIOL,5174302210,-4551857676115530389,uaFIOL,СТИЧ | ЧАТИК,1476408991
lvivskeee,1481477307,-6659377800770518386,Alexx,СТИЧ | ЧАТИК,1476408991
,5575811878,-2057732055590447947,Ibrohimov Umar,СТИЧ | ЧАТИК,1476408991
,5581778578,-335666416399537299,Дарья Бондаренко,СТИЧ | ЧАТИК,1476408991
ZXCn1r0n,1768300891,-3730061598386681770,ZXCn1r0n?,СТИЧ | ЧАТИК,1476408991
delyyss,1383804057,5867649021536261480,aquxwlisi,СТИЧ | ЧАТИК,1476408991
SAIDD55,5343834085,-7120810244480324455,Саид Москва,СТИЧ | ЧАТИК,1476408991
Qwtsdd,934112668,-1140686249210727810,Греба,СТИЧ | ЧАТИК,1476408991
,1345607858,-291445326043652938,Рпоарс Аагпгип,СТИЧ | ЧАТИК,1476408991
Guhitop,1414784262,5412850368512903171,Axxx..help..,СТИЧ | ЧАТИК,1476408991
Toha_sp,1474064320,-5513172607515547346,Tohaa,СТИЧ | ЧАТИК,1476408991
MyLittleSpidey,5109399073,369607574297420744,🕷️👤💌,СТИЧ | ЧАТИК,1476408991
amega010,5023307791,-8243032285594926254,ጌልክጕልጎ,СТИЧ | ЧАТИК,1476408991
absolute453,1432665082,-1390768804912698105,d1lleex,СТИЧ | ЧАТИК,1476408991
,5497874735,-8020299439057521949,Noboa Coppedge,СТИЧ | ЧАТИК,1476408991
,1634278932,2457751054908061938,ℳɑℵɑ,СТИЧ | ЧАТИК,1476408991
Tolmacki,1753459466,-1919734693656996848,ghoul zxc,СТИЧ | ЧАТИК,1476408991
,1165697555,-2022244659430767061,Ленчя,СТИЧ | ЧАТИК,1476408991
,5691872847,-809101509181859083,famin,СТИЧ | ЧАТИК,1476408991
I_zaika1,5130311623,4027434254226604887,Lizа ♡♡♡♡♡♡,СТИЧ | ЧАТИК,1476408991
N_ishaeva,1616331574,7560969395986931156,Ишаева Анастасия,СТИЧ | ЧАТИК,1476408991
,5550235437,-5047082034672451146,💓💕💖💞💗,СТИЧ | ЧАТИК,1476408991
,1682687142,-6966436132967851209,Кирилл,СТИЧ | ЧАТИК,1476408991
Vinrando,1708942977,-4342837669561325111,Tap,СТИЧ | ЧАТИК,1476408991
weexqzxs,5434704049,84441564024662537,003,СТИЧ | ЧАТИК,1476408991
,1661086447,5568543264706839232,GTA:GROUND VICE SITY,СТИЧ | ЧАТИК,1476408991
,5041519202,2043903916360322014,Назар Уваткін,СТИЧ | ЧАТИК,1476408991
,5718790420,2096326118826109533,,СТИЧ | ЧАТИК,1476408991
,5148510855,-964346347119692973,Donom98⚜️,СТИЧ | ЧАТИК,1476408991
,5425127355,2407240406557453837,Dianna,СТИЧ | ЧАТИК,1476408991
hardstoped,1797036864,-1974693948339775874,CM XROM ОТВЕТЬ,СТИЧ | ЧАТИК,1476408991
O50_dorik,1905318070,7450742388538118927,Агро💋(бан),СТИЧ | ЧАТИК,1476408991
goodlaps,5686432555,3838676225809523043,Гуд,СТИЧ | ЧАТИК,1476408991
ZAZAMAHARAHATAHA_EEE,5400905912,-8475699553232736443,가방에 맥주,СТИЧ | ЧАТИК,1476408991
bekker332,5181363887,1963916680292778135,люциус),СТИЧ | ЧАТИК,1476408991
Gankster_565,5759854495,4184365402021582604,𝔖𝔄𝔐𝔘ℜ𝔄𝔍 𝔖𝔄𝔎𝔘ℜ𝔄,СТИЧ | ЧАТИК,1476408991
limon556655,5364605989,953699826290788885,.,СТИЧ | ЧАТИК,1476408991
VoiceGangG,337402978,-6794846797998044841,Vladislav 🅱️ enzo,СТИЧ | ЧАТИК,1476408991
rinakamchatka,5231072906,-839942871266755978,👑KOTE👑,СТИЧ | ЧАТИК,1476408991
Wendigo414,5332189937,7371065239357136979,Sam,СТИЧ | ЧАТИК,1476408991
,1063455065,-7046923664207977848,BEBRA NE(bebramen7w827e)#2342,СТИЧ | ЧАТИК,1476408991
Boris_ID_2004,2047553499,-839421807630165431,Смотрящий Г-д-е-т-о Т_А_М,СТИЧ | ЧАТИК,1476408991
LOX443,1232740123,9006249122093737376,кто я?,СТИЧ | ЧАТИК,1476408991
,1403730075,7732171307744610680,Nu,СТИЧ | ЧАТИК,1476408991
Ya_Za_Hitlera,1300575291,-699196676312601671,ꑭЯна Цистꑭ🩻,СТИЧ | ЧАТИК,1476408991
,5654029881,1957393187376011446,Egor Starovoitov,СТИЧ | ЧАТИК,1476408991
,5227698873,8333787412324824256,Андрей Хоменко,СТИЧ | ЧАТИК,1476408991
Iizailyaseevich,5013539151,3607476632596903462,Лиза Ильясеевич,СТИЧ | ЧАТИК,1476408991
com_mi,1628324987,-9068398900281873671,[ LeGeNDa ],СТИЧ | ЧАТИК,1476408991
,1972690658,27866588140175282,Зая но не твоЯ✌,СТИЧ | ЧАТИК,1476408991
,1469692260,7588311009808454670,ШАХРИЁР,СТИЧ | ЧАТИК,1476408991
antaghonist,5167773977,1107591381895404827,❁ཻུ۪۪⸙͎ ·๖ۣۣۜAɴᴛɪᴘᴏsɪᴛɪᴠᴇ ˎ ● ´,СТИЧ | ЧАТИК,1476408991
wtfackm,5202671456,-4221758649964763585,Луна/всем пока.,СТИЧ | ЧАТИК,1476408991
,5264526480,2510558718997687898,33 негра🖤,СТИЧ | ЧАТИК,1476408991
,5455255913,7458390739052885748,,СТИЧ | ЧАТИК,1476408991
,5739524271,-469685665658371400,Tatalitovcenko Tatka,СТИЧ | ЧАТИК,1476408991
suishid0,5650161588,8429793713079906075,машк агро укр кидс,СТИЧ | ЧАТИК,1476408991
,5010249097,5073069592675696944,Ирина Терещенко,СТИЧ | ЧАТИК,1476408991
,2112437257,3608575127564126659,Динозавар🌷 💚,СТИЧ | ЧАТИК,1476408991
,1799671352,77651397570475361,🖤Дима🖤,СТИЧ | ЧАТИК,1476408991
,5020379834,4165099032139663063,ЛІЯ,СТИЧ | ЧАТИК,1476408991
,5185274413,5436532816160241754,🇺🇦✌🇺🇦ДІАНА🇺🇦✌🇺🇦,СТИЧ | ЧАТИК,1476408991
,1837154149,-6805886275248092524,Макс Хруслов 😍😍🥰🥰,СТИЧ | ЧАТИК,1476408991
,1424064452,1000537638339772814,Зсу,СТИЧ | ЧАТИК,1476408991
ieisda,5736691871,4949184565489371794,шмат мяса,СТИЧ | ЧАТИК,1476408991
Violka_tors705,5315447753,4907485744698562930,Violkaa_1078 🇺🇦💗,СТИЧ | ЧАТИК,1476408991
Arina456670,5050129646,489835616212477192,✧༺💔༻✧,СТИЧ | ЧАТИК,1476408991
nnnapelsin,5082107038,1899926953679584927,誰も私を必要としない,СТИЧ | ЧАТИК,1476408991
I_hateyou_lol,5088575788,-54388889403487266,Beluga_UwU,СТИЧ | ЧАТИК,1476408991
barrelsss,1477704797,-4450829252011930022,🕷•A•N•G•E•L•🕷,СТИЧ | ЧАТИК,1476408991
Bbgduu,5535150624,-6909830615899718968,ਡɑюਘκɑ),СТИЧ | ЧАТИК,1476408991
LesbiankaSorry,5438199237,4585675348146322664,ммряур фест,СТИЧ | ЧАТИК,1476408991
Pytintopr,5060760379,-2470845666594923995,Махачкала,СТИЧ | ЧАТИК,1476408991
,5467213479,7755583228116680278,Колдун Хуйтым,СТИЧ | ЧАТИК,1476408991
,1580310177,-6308532110630045228,Катюха,СТИЧ | ЧАТИК,1476408991
quyoshdan_salom,5341354906,-2755920692896701064,..,СТИЧ | ЧАТИК,1476408991
,5775791282,-6537553771773445653,буся❤❤❤,СТИЧ | ЧАТИК,1476408991
rabax12,2004989195,-196821881609670901,менеджер аксивента 2,СТИЧ | ЧАТИК,1476408991
huliaulia,5011052742,9061958114077756468,гуля,СТИЧ | ЧАТИК,1476408991
official_uchiha,2002584158,3372675141324011469,.,СТИЧ | ЧАТИК,1476408991
some_1_nobody,5298518842,-7611573982415353269,...@,СТИЧ | ЧАТИК,1476408991
wwixore,935802508,-6310256943155249286,Аля,СТИЧ | ЧАТИК,1476408991
ho9rli,1468938431,6688706888713612309,...💋...,СТИЧ | ЧАТИК,1476408991
,2016149957,-2489828139547406820,✨ Ира ✨,СТИЧ | ЧАТИК,1476408991
,5426422607,-6237550168743456862,미키 miki,СТИЧ | ЧАТИК,1476408991
Xuliganiston_02,5530434580,-5728987410006566395,⁰⁰⁰⁰⁰🕊️❤︎𝑘ℎ𝑢𝑙𝑖𝑔𝑎𝑛❤︎🕊️⁰⁰⁰⁰⁰⁰,СТИЧ | ЧАТИК,1476408991
X_Xbeesflyy_01,5421538410,8226058419367995054,Wildz_01,СТИЧ | ЧАТИК,1476408991
,1676361027,2665296794076631527,Челик каторого вы не знаете,СТИЧ | ЧАТИК,1476408991
AlinochckaLal,1440000652,6918160607626919962,PRD 𓆩Ⱦɍⱥҟⱦꝋɍīꞩⱦkа,СТИЧ | ЧАТИК,1476408991
,2138012110,-4666155171000870630,Смерть,СТИЧ | ЧАТИК,1476408991
,5705801925,-80354619173315313,мое,СТИЧ | ЧАТИК,1476408991
Kitty_boys0,1292597853,-8152891869161595878,🍄🖤,СТИЧ | ЧАТИК,1476408991
vnsxq,1071775652,-7938707723185951781,пон,СТИЧ | ЧАТИК,1476408991
MigiBoiClique_official_YTChannel,5330135783,-9144191242499158535,МигиБой YouTube,СТИЧ | ЧАТИК,1476408991
,1836072305,-3398691068099391345,Даша Хз лол,СТИЧ | ЧАТИК,1476408991
,5590145629,7836849098764090165,Абдрашит Әсема,СТИЧ | ЧАТИК,1476408991
,5565489886,6243856703244264825,Камчыбекова Аделина,СТИЧ | ЧАТИК,1476408991
,1474939233,-1184263356288222503,Марініка Юрко,СТИЧ | ЧАТИК,1476408991
,5631230310,-413122085965149972,Вика Ронжина,СТИЧ | ЧАТИК,1476408991
maruvanik1103,2125227557,-1701536107954314969,Марина 🐾,СТИЧ | ЧАТИК,1476408991
,5283584439,527605441151303681,Алина,СТИЧ | ЧАТИК,1476408991
samojedan,1132004696,-6540122920309672129,Samo Jedan,СТИЧ | ЧАТИК,1476408991
Flora_Jk,1472237273,8081414273827697440,🌸original🌸,СТИЧ | ЧАТИК,1476408991
,5467167443,6480654277260723021,big dick,СТИЧ | ЧАТИК,1476408991
,5695832770,-5311470544698302861,Елена,СТИЧ | ЧАТИК,1476408991
,5406430595,-6768181331221322842,П П,СТИЧ | ЧАТИК,1476408991
,5478270243,-6378076650335990633,01,СТИЧ | ЧАТИК,1476408991
BaykaRiddle,1380707297,1675186749039315947,Bayka Riddle,СТИЧ | ЧАТИК,1476408991
,5468425706,5089010591321152747,Анастасия Зайцева,СТИЧ | ЧАТИК,1476408991
technopolitech,5049296656,-713542049770646195,Олег,СТИЧ | ЧАТИК,1476408991
Borex14,1025452573,-5997774027383618045,Діма Голеня,СТИЧ | ЧАТИК,1476408991
,691594295,-3790520018173310145,,СТИЧ | ЧАТИК,1476408991
Doci_Top,1417686587,-7579009850857036370,Баунти,СТИЧ | ЧАТИК,1476408991
Haggy_Vaggy_0,2132146255,2483425960742927370,Хагги Вагги😯😱😰,СТИЧ | ЧАТИК,1476408991
,5258510871,5338614664315207251,-_-,СТИЧ | ЧАТИК,1476408991
kryptonec_rassilka_3,5739881605,-3081570033148681293,Рассылка Криптонца #3,СТИЧ | ЧАТИК,1476408991
carreon17,5373188177,-1295845885261359364,Владимир Серов,СТИЧ | ЧАТИК,1476408991
,2121000312,-2556323710484973139,Мадина Привет,СТИЧ | ЧАТИК,1476408991
banah225,1630054578,-1461142742457583514,𒐫𒐫𒐫𒐫𒐫𒐫𒐫𒐫𒐫𒐫𒐫𒐫𒐫𒐫𒐫𒐫𒐫𒐫𒐫𒐫𒐫𒐫𒐫𒐫𒐫𒐫𒐫𒐫𒐫𒐫𒐫𒐫𒐫𒐫𒐫𒐫𒐫𒐫𒐫𒐫𒐫𒐫𒐫𒐫𒐫𒐫𒐫𒐫𒐫𒐫𒐫𒐫𒐫𒐫𒐫𒐫𒐫𒐫𒐫𒐫𒐫𒐫𒐫𒐫 𒐫𒐫𒐫𒐫𒐫𒐫𒐫𒐫𒐫𒐫𒐫𒐫𒐫𒐫𒐫𒐫𒐫𒐫𒐫𒐫𒐫𒐫𒐫𒐫𒐫𒐫𒐫𒐫𒐫𒐫𒐫𒐫𒐫𒐫𒐫𒐫𒐫𒐫𒐫𒐫𒐫𒐫𒐫𒐫𒐫𒐫𒐫𒐫𒐫𒐫𒐫𒐫𒐫𒐫𒐫𒐫𒐫𒐫𒐫𒐫𒐫𒐫𒐫𒐫,СТИЧ | ЧАТИК,1476408991
Anime1_2005,5514669352,5815621395031396382,DEVYSHKA√,СТИЧ | ЧАТИК,1476408991
rimi80,1811665177,-2396964498406127539,Рон Уизли👩‍🦰👨‍🦰,СТИЧ | ЧАТИК,1476408991
ghoul_73,1309004177,3624943809685432406,𝔸.ℂ|°𝕷𝖎𝖌𝖍𝖙.🥃,СТИЧ | ЧАТИК,1476408991
SosTom23,5457253173,-2372537629313814320,Стас ❤️,СТИЧ | ЧАТИК,1476408991
,5161087327,6261275788457948868,...,СТИЧ | ЧАТИК,1476408991
lalalax1vent,5562393878,8726002784726946637,Продам кабик с2х и ключ к нему(навсегда)200 руб Не первый,СТИЧ | ЧАТИК,1476408991
Podolegnik,1311483853,8172180043406169766,Кирилл,СТИЧ | ЧАТИК,1476408991
mochalkatt,1529031249,2359816391253414660,его имя Роберт Полсон,СТИЧ | ЧАТИК,1476408991
,5799605272,1343675419678791870,,СТИЧ | ЧАТИК,1476408991
mmmYlove14,5029664286,-6929073999286728883,UnU 💗,СТИЧ | ЧАТИК,1476408991
kseniaa342,2140772979,6759769235832167411,💗ksyssh.kaa💗,СТИЧ | ЧАТИК,1476408991
rtxmaaann,1460316674,-4650207133198059160,Yaantonio,СТИЧ | ЧАТИК,1476408991
fucking_bitcn,1634748303,2208429072883162307,- Okey.,СТИЧ | ЧАТИК,1476408991
Sanya_7_7,768688275,8531678251986509692,Саня Онищенко,СТИЧ | ЧАТИК,1476408991
,5296781202,-6632688127429067474,(:~Котик~:),СТИЧ | ЧАТИК,1476408991
,5247151605,3994657855606612066,ねこマママブ,СТИЧ | ЧАТИК,1476408991
Denis5215,5567833379,-1674895083082921995,special forces of the Airborne Forces,СТИЧ | ЧАТИК,1476408991
Lisa_nikto,1841777052,-1239646851601597811,シ︎♡︎𝓜𝓲𝓼𝓼♡︎𝕷𝖎𝖘𝖆♡シ︎,СТИЧ | ЧАТИК,1476408991
,5378088730,-2460375538177042014,Мальчик в трусиках!!!:),СТИЧ | ЧАТИК,1476408991
mopilopa,951150590,4687148110266423981,kito,СТИЧ | ЧАТИК,1476408991
sweg_lort,5491525862,2298736368500613772,Нікіта,СТИЧ | ЧАТИК,1476408991
,5256122228,-3284582142271951173,БуЛьКа💧,СТИЧ | ЧАТИК,1476408991
,5143778134,2783855620174504279,Ёлка228 красная помада,СТИЧ | ЧАТИК,1476408991
,5596050678,655381202219815300,xerobrin_666,СТИЧ | ЧАТИК,1476408991
talismanchik1,2132192413,-3347968479697644028,талисманчик,СТИЧ | ЧАТИК,1476408991
raliiix,5517859146,-607309770451151093,рест.,СТИЧ | ЧАТИК,1476408991
,5222654746,-5810231706219759336,,СТИЧ | ЧАТИК,1476408991
Detyw_swaqu,5005348114,7371835677807510548,ᴋɪɴɢ ᴏꜰ ʏᴏᴜ ᴅʀᴇᴀᴍ,СТИЧ | ЧАТИК,1476408991
HuilaPodzabornaya,987663267,-968191872540649193,Чебупеля,СТИЧ | ЧАТИК,1476408991
RaBota_most,5622641770,1373877469456799685,Михаил,СТИЧ | ЧАТИК,1476408991
,5737952786,561419766485747954,,СТИЧ | ЧАТИК,1476408991
Im_am_Princess,746295281,-8937585620528054173,I'm am rabbit 🐇,СТИЧ | ЧАТИК,1476408991
YoungDollarmillioner,5730561225,-7773959401340909174,Дмитрий Королев,СТИЧ | ЧАТИК,1476408991
Pahka231191,5272412805,3878715062145274413,Pahka,СТИЧ | ЧАТИК,1476408991
,5725030281,-3048018687957209288,,СТИЧ | ЧАТИК,1476408991
Klim4kva,5427354765,-8713203035749842561,妖后,СТИЧ | ЧАТИК,1476408991
,1926985917,8577400335363978204,No name 🕷️,СТИЧ | ЧАТИК,1476408991
Valerikkkkdjrhrjr,5161557946,-4812521778388471786,Arbyzova :/,СТИЧ | ЧАТИК,1476408991
Iwillalwaysloveyouuuuuuuuu,5522367748,-8745034246745278394,bunny,СТИЧ | ЧАТИК,1476408991
xxsvone,1527090053,6686249497164279186,🍃♪xx-svone♪🍃,СТИЧ | ЧАТИК,1476408991
werlixeq,1438241051,4023063263858260017,несска,СТИЧ | ЧАТИК,1476408991
Cergey_228,5508272908,81266618705503125,СерЁга,СТИЧ | ЧАТИК,1476408991
Ventitoo,1448441794,2680263467867715836,вентыса,СТИЧ | ЧАТИК,1476408991
Tamyra,1642114889,-5118785807307350308,•死のある人生•,СТИЧ | ЧАТИК,1476408991
figaseti,5712146461,7166035210346811681,Шукрона,СТИЧ | ЧАТИК,1476408991
,5554856035,6810660315315627386,72865,СТИЧ | ЧАТИК,1476408991
Garrysonx,1354047194,449253995213048322,Slavass,СТИЧ | ЧАТИК,1476408991
hell_didv,5685661267,-1412061735266162128,Hell,СТИЧ | ЧАТИК,1476408991
,5789272386,6639013008773026502,Віка,СТИЧ | ЧАТИК,1476408991
,5641090026,-3069047489424843261,Sammay EROMA Талпнсан Жетесің,СТИЧ | ЧАТИК,1476408991
,5292848171,-4903839934974179565,Иллья,СТИЧ | ЧАТИК,1476408991
Anastasia_reale,1497267646,-501246984522983796,Anastasia🖤🐻🕸️,СТИЧ | ЧАТИК,1476408991
sonikslon,2098545764,1982951311315978727,🫐sonic.xxls🫐,СТИЧ | ЧАТИК,1476408991
martini_da,1140650623,5323931120769489324,Martini ,СТИЧ | ЧАТИК,1476408991
tyanka22854,1911522179,6997746544343093437,shovhal,СТИЧ | ЧАТИК,1476408991
,5661143853,-7225469723219440937,. .,СТИЧ | ЧАТИК,1476408991
Killers_885,5208907224,-8794275975872167408,𝓯𝓲𝓷𝓭 𝓶𝓮 𝓼𝓮𝓪𝓻𝓬𝓱 𝓼𝓮𝓪𝓻𝓬𝓱,СТИЧ | ЧАТИК,1476408991
,848800077,1399059083816204191,__MADARA__,СТИЧ | ЧАТИК,1476408991
AVOKAD15,1081958788,-5979995953705593147,Вадим Гурин,СТИЧ | ЧАТИК,1476408991
,1959162865,8008025299558934221,🄳🄰🅅🅁🄾🄽🄱🄴🄺,СТИЧ | ЧАТИК,1476408991
,5208468346,3756856129173487996,Naຮτℽa,СТИЧ | ЧАТИК,1476408991
maloy_noname404,5211879844,3818075789667328049,im...,СТИЧ | ЧАТИК,1476408991
,5507086715,5801856425303360680,Уннв Убиты но не Вами,СТИЧ | ЧАТИК,1476408991
designer_idea,2079780534,5949324368166909708,M$$$$$$$,СТИЧ | ЧАТИК,1476408991
tn_nataszzz,1453829683,6986515884267015469,лягушка 2.0,СТИЧ | ЧАТИК,1476408991
tr1xxxxx,5130505126,4463903045223386643,𝚃𝚛𝚒𝚡|𝙵𝚘𝚛𝚎𝚟𝚎𝚛,СТИЧ | ЧАТИК,1476408991
Klopopys,1857498375,7237939593615798820,_KOTTO_-ẞOOM-,СТИЧ | ЧАТИК,1476408991
,1341430152,-598730892800142279,l𝓢𝓽𝓪𝓭𝓷𝔂𝓴𝓓𝓪𝓻𝓲𝔂𝓪l,СТИЧ | ЧАТИК,1476408991
Bedolaga_5,1240013192,-8586271618641808779,🅱edolaga~,СТИЧ | ЧАТИК,1476408991
Naemnicegor,5168617117,-2635566368132395793,Долг егор,СТИЧ | ЧАТИК,1476408991
s3z4n,2024961702,1894947128845074201,пон,СТИЧ | ЧАТИК,1476408991
,5334910845,71993112679536453,Мира Барышникова,СТИЧ | ЧАТИК,1476408991
,5012520174,-1971182992724761865,Pawelхз кто,СТИЧ | ЧАТИК,1476408991
meooowwwxx,821867540,360161336786280457,Діана <3,СТИЧ | ЧАТИК,1476408991
aleks_xm,5392035664,-3474785933349031206,Aleksandr,СТИЧ | ЧАТИК,1476408991
Mamochkaaaaboss,5589808367,-3207105518140423954,bella,СТИЧ | ЧАТИК,1476408991
mr_pprrooppeerr,1974095628,2980814614935543144,ms. trapshik.,СТИЧ | ЧАТИК,1476408991
,5383698812,157111504891801392,Ник,СТИЧ | ЧАТИК,1476408991
,5695722480,-7248294540173590451,w1zyyyx,СТИЧ | ЧАТИК,1476408991
Miledi_bag13,1868373309,1641877574011648273,🐞Ⲙυⲗⲉⲇυ💜,СТИЧ | ЧАТИК,1476408991
banditkashelly228,5223257370,-8990498408668996112,Sофка,СТИЧ | ЧАТИК,1476408991
kvxwx_04,5753613572,8883068506710167813,_К_Р_А_Ш_И_Х_А_,СТИЧ | ЧАТИК,1476408991
drunkmonkeystyle,1848437048,-4180042128118961252,Скаут,СТИЧ | ЧАТИК,1476408991
No_ideas_for_nick,5042178423,4087587187456772556,.,СТИЧ | ЧАТИК,1476408991
,5499233558,6634985521450754170,Sandens team,СТИЧ | ЧАТИК,1476408991
,1507091904,1426327817290039308,Боже..чел..,СТИЧ | ЧАТИК,1476408991
AzuAsahi,5213166825,4677656882842158951,𝘈𝘻𝘶𝘮𝘢𝘯𝘦 𝘈𝘴𝘢𝘩𝘪.,СТИЧ | ЧАТИК,1476408991
lena627,1802232912,-1580784844022971312,лена Рест,СТИЧ | ЧАТИК,1476408991
Veteran123456,5113314969,-439888440276681418,_ყoy,СТИЧ | ЧАТИК,1476408991
,5259490270,8646638548509779241,Lunna,СТИЧ | ЧАТИК,1476408991
Lucius_Malfoy_loveyou,968021481,-211923881645222793,𝔄𝔫𝔞𝔰𝔱𝔞𝔰𝔦𝛾𝔞 𝔊𝔯𝔦𝔰𝔥𝔦𝔫𝔞,СТИЧ | ЧАТИК,1476408991
ani4kathx,5464640460,3113995377863210589,Анька Котик,СТИЧ | ЧАТИК,1476408991
,5571527662,-2379452514732040881,Елисей Александренко,СТИЧ | ЧАТИК,1476408991
livingmorgue,1744581682,3830552987675664448,финик,СТИЧ | ЧАТИК,1476408991
,5140662510,-3677256307815711349,,СТИЧ | ЧАТИК,1476408991
lschdbgj,1709643853,4176048652796779515,АкИхИкО♡,СТИЧ | ЧАТИК,1476408991
,2123812608,-5514816349637162772,Мага Алиев,СТИЧ | ЧАТИК,1476408991
tkdue,5412323148,-1610150543059018855,Блять,СТИЧ | ЧАТИК,1476408991
Kmolmst,2038403986,-8610896207979094331,Ревнина,СТИЧ | ЧАТИК,1476408991
procto_chel,5036388206,-7443150889897058294,Явтушенко Вікторія,СТИЧ | ЧАТИК,1476408991
,5638010283,4777410337756793174,bitch yes,СТИЧ | ЧАТИК,1476408991
jopaaa_aa,5768333911,-5383550609016432360,♡︎𝚣𝚕𝚊𝚢𝚊♕︎𝚊𝚛𝚊𝚋𝚔𝚊♡︎,СТИЧ | ЧАТИК,1476408991
yebat_uwu,5064969043,6477534878203163788,♡-Rικι-♡,СТИЧ | ЧАТИК,1476408991
Volkdaniil,5061852943,8041600167142220559,😈,СТИЧ | ЧАТИК,1476408991
Eva_ME0W,5683403379,-1393661458576171783,||Evka||,СТИЧ | ЧАТИК,1476408991
wqertkll,5450865955,4417759302321310891,⛧𝙸𝚘𝚌𝚞𝚕𝚊𝚝𝚘𝚛.⛧,СТИЧ | ЧАТИК,1476408991
Holdik_zadonat_pls,5638491108,-3983066268899946710,Артур,СТИЧ | ЧАТИК,1476408991
Poko_22,5516033225,956304865774881457,maskay,СТИЧ | ЧАТИК,1476408991
xqIUwUIpx,939296855,-2261274722149635408,frᴏzᴇn iᴄᴇ,СТИЧ | ЧАТИК,1476408991
,362709732,1798464395600089941,Гузаль Абдурашитова,СТИЧ | ЧАТИК,1476408991
,5319445475,6405356529202463130,,СТИЧ | ЧАТИК,1476408991
,5702041455,6034903721712030366,НИЁЗМАЛИКОВ ШАХРОМ,СТИЧ | ЧАТИК,1476408991
cassidy_112211,1260589425,-4987800935485774520,Фрэнк Музыкьел,СТИЧ | ЧАТИК,1476408991
,5294631361,2336390167713390293,Ваня Мирный,СТИЧ | ЧАТИК,1476408991
milka_lolalka,5519137799,-8921235150627467414,@milana,СТИЧ | ЧАТИК,1476408991
nyashkaladno,5414569375,4184933960726838576,ʜϱηραɞυⲗьʜыύ,СТИЧ | ЧАТИК,1476408991
,1621568852,2680205886960287794,RonZyy,СТИЧ | ЧАТИК,1476408991
YoutuberDashk,5323165071,6082723145960252678,🌿,СТИЧ | ЧАТИК,1476408991
dasha896t,1489414365,6230670559120535957,Рыба,СТИЧ | ЧАТИК,1476408991
,2108747994,-4824354588584938162,Kirill Smirnov,СТИЧ | ЧАТИК,1476408991
,5641982660,1334787826777575984,,СТИЧ | ЧАТИК,1476408991
,5520193188,2255137380728478013,✌️Demon✌️,СТИЧ | ЧАТИК,1476408991
,1385192946,-2522042326988955632,I_L0VE_Y0U для своих лавка,СТИЧ | ЧАТИК,1476408991
,999086907,-7545563278985147401,Рамил,СТИЧ | ЧАТИК,1476408991
Studyaxlebolt,5324662234,1908545108431814298,Axlebolt,СТИЧ | ЧАТИК,1476408991
NENAALQ,5559157651,-3293432823146281297,..,СТИЧ | ЧАТИК,1476408991
Maaalikk,5037983869,-240546987498335180,Занятый.,СТИЧ | ЧАТИК,1476408991
kovichka_haha,5033761942,4032932099323937509,Кит,СТИЧ | ЧАТИК,1476408991
,5663908382,2436246730150241913,,СТИЧ | ЧАТИК,1476408991
,5414836429,728494547363463709,Катя Ефремова,СТИЧ | ЧАТИК,1476408991
Bobr8642ryhka,1609078417,-2414586954461921662,Бобр,СТИЧ | ЧАТИК,1476408991
,5283216351,7521227273861089654,❤️Яна🤍,СТИЧ | ЧАТИК,1476408991
,5743782176,-5001522063530084142,𝕾ᴛᴇᴘ𝕹,СТИЧ | ЧАТИК,1476408991
Abeeeeebra,5394223715,-5620939187574290937,Свободная😅😎,СТИЧ | ЧАТИК,1476408991
,5574625330,-3212799122259282371,Сергей Бундов,СТИЧ | ЧАТИК,1476408991
,5419844628,609994399095273330,Салам Балам,СТИЧ | ЧАТИК,1476408991
silkyempire,5682879267,-925773690985845011,Silky Empire🇺🇲,СТИЧ | ЧАТИК,1476408991
q93847,494940171,6174775942361744345,OaОо,СТИЧ | ЧАТИК,1476408991
Annxzhh,2016546291,1565489510358170740,Лиза❤️‍🩹,СТИЧ | ЧАТИК,1476408991
DlACKTlY,5036722283,4602689052490384344,VRAK ТОП,СТИЧ | ЧАТИК,1476408991
,5563309696,-7890093662459148124,Hináko,СТИЧ | ЧАТИК,1476408991
Bbonneesss,2020580951,-2409925299157702169,....,СТИЧ | ЧАТИК,1476408991
,5716701400,-4596828049741804826,,СТИЧ | ЧАТИК,1476408991
Sss_sdikk,5048482259,-942309502165168083,KaYfArIK,СТИЧ | ЧАТИК,1476408991
Ulnite,1021471198,6221543298955375180,_|TeO||-],СТИЧ | ЧАТИК,1476408991
,5318693523,-6216022772112239843,Никита Мужеловский,СТИЧ | ЧАТИК,1476408991
,5282908404,-366565936715375818,биба,СТИЧ | ЧАТИК,1476408991
,771854391,-4461268590789070380,😎,СТИЧ | ЧАТИК,1476408991
,1478962503,-9024487713196072697,🎏扣尸ロ🎎 QZ,СТИЧ | ЧАТИК,1476408991
futbolukraina,5659245825,-8333696927998871167,Кирил,СТИЧ | ЧАТИК,1476408991
,5720893023,-2958617415370234880,,СТИЧ | ЧАТИК,1476408991
,5703148214,-5780736375447712671,,СТИЧ | ЧАТИК,1476408991
BOSSFIGFT,1246622899,2520198152856369426,Ghoul,СТИЧ | ЧАТИК,1476408991
Naruto9190220,5170538042,-8714312965875240808,ПЬЯНЫЙ ВЫЛЕРА NaVi,СТИЧ | ЧАТИК,1476408991
,5405717369,755507225539822418,Poni taun ?,СТИЧ | ЧАТИК,1476408991
sjemri_7,5022765299,-9133577426083414004,Абама,СТИЧ | ЧАТИК,1476408991
Gde_sodfix,5278292336,-3499664491779042012,Wosken,СТИЧ | ЧАТИК,1476408991
Fucking_Mika,5737292985,6968412023032883373,𝅃ׄ𓈒𖧧Му́за𖥣𝅃ׄ ˖,СТИЧ | ЧАТИК,1476408991
Nipka,5536607148,1712645357991600259,Beronika🧚‍♀️😩,СТИЧ | ЧАТИК,1476408991
,5705068178,-9090448505816838804,,СТИЧ | ЧАТИК,1476408991
,1749812647,-1334913173683144992,уебище,СТИЧ | ЧАТИК,1476408991
LoL_65_76,5200680728,-397111695933825280,Гелий))),СТИЧ | ЧАТИК,1476408991
wxtnkol,5052372984,2163192635110337231,Ника,СТИЧ | ЧАТИК,1476408991
xgxf_16,5752142927,1961569930052702402,Исашка Mgmdv,СТИЧ | ЧАТИК,1476408991
Sofia_Vasenina,911805633,7967757534196614761,Соня Васенина,СТИЧ | ЧАТИК,1476408991
,1448871614,1163879251654048431,☣️☢️𓂺 https://t.me/+VTLoYRy4fLA1M2Iy,СТИЧ | ЧАТИК,1476408991
Ne_suetis425,5398320349,9020605043817938157,👿👿,СТИЧ | ЧАТИК,1476408991
,1560628575,4433843543730435392,😈🦋vika🦋😈,СТИЧ | ЧАТИК,1476408991
,5335286685,5399814977570696801,Denis Matrosov,СТИЧ | ЧАТИК,1476408991
matildafeliksovna,1973364075,8469085811135945467,Матильда Кшесинская,СТИЧ | ЧАТИК,1476408991
,5243484602,-4706070650134074054,,СТИЧ | ЧАТИК,1476408991
hahahahhaidinahyu,5468745555,-6069540844207621721,ты лох,СТИЧ | ЧАТИК,1476408991
roma78924,1675915446,-231093199939242604,Томиоко 😇,СТИЧ | ЧАТИК,1476408991
,1808461248,8329530586222746201,Гений.,СТИЧ | ЧАТИК,1476408991
NiceCofff,5618396629,-6138400891927847406,Nice Coff,СТИЧ | ЧАТИК,1476408991
zxccccasdg,5569400524,6214786245813029281,私を憎む,СТИЧ | ЧАТИК,1476408991
,5477649712,7450759054805621040,Ильвира,СТИЧ | ЧАТИК,1476408991
Boss3691,848686837,1639485327779337267,И К,СТИЧ | ЧАТИК,1476408991
,889787815,-6875139619667182034,༺๖ۣۜƊenis༻,СТИЧ | ЧАТИК,1476408991
d_a_t_t_e_b_a_y_o,989862323,4519143117235112315,𝚜𝚑𝚒𝚣𝚞𝚔𝚞 𝚌𝚑𝚊𝚗 <3,СТИЧ | ЧАТИК,1476408991
,5702229205,2344867450190058663,$.Андрей.$ $.Андрей.$,СТИЧ | ЧАТИК,1476408991
,5661322640,6350963578996487598,Макс,СТИЧ | ЧАТИК,1476408991
,5592040431,-3299469347008367007,Пингвин,СТИЧ | ЧАТИК,1476408991
,5523452812,-6494335798474637968,Даша☘️,СТИЧ | ЧАТИК,1476408991
Khodir_0,5147813369,2281270004502489606,Цезарь,СТИЧ | ЧАТИК,1476408991
mardon_music,1124261448,8615167273671626241,Mardon,СТИЧ | ЧАТИК,1476408991
goeal,5366435032,-6581824339512434942,Хуй,СТИЧ | ЧАТИК,1476408991
,5549016272,-2987189143506181435,Миша Поляк,СТИЧ | ЧАТИК,1476408991
,5015576192,4543792890817706402,🥀❤🩹𝚄𝚕𝚒𝚊𝚗𝚊🩹❤🥀,СТИЧ | ЧАТИК,1476408991
Olvka227,5046097607,-2333949745512174330,Olivka Olivia,СТИЧ | ЧАТИК,1476408991
,5613873971,-8071445330954530300,Мелкий 😈😎💪😈,СТИЧ | ЧАТИК,1476408991
,5451324709,4709225021093201129,Крута Малишка,СТИЧ | ЧАТИК,1476408991
,1351859786,-2521167585916334641,Flafi,СТИЧ | ЧАТИК,1476408991
Kleo13k,5011015990,7779232324890462703,Клео,СТИЧ | ЧАТИК,1476408991
mypka_228,1151448585,-6466152023864915693,~ахмедик~,СТИЧ | ЧАТИК,1476408991
mreysz,1877842243,4882114702199169495,мэри хумье,СТИЧ | ЧАТИК,1476408991
,1140820549,7057509148213631478,Тема 🙂🙃😎,СТИЧ | ЧАТИК,1476408991
Yryfyrk,2136444312,-4704722067371150231,Ваня.П,СТИЧ | ЧАТИК,1476408991
dd01ba3b,1418439983,5863710392233630719,shhhh,СТИЧ | ЧАТИК,1476408991
,5771839082,7997076107316965694,,СТИЧ | ЧАТИК,1476408991
,5512835403,-8495568005304503177,Славик,СТИЧ | ЧАТИК,1476408991
,5747682574,-4718422371373612481,,СТИЧ | ЧАТИК,1476408991
,5635257781,-7078555169748742787,𝓑𝓸𝓵𝓭 𝓢𝓬𝓻𝓲𝓹𝓽,СТИЧ | ЧАТИК,1476408991
,1183490698,5606612155688209166,Andriy6990,СТИЧ | ЧАТИК,1476408991
,5234786544,2006548725635155948,колян,СТИЧ | ЧАТИК,1476408991
,5727059678,4929194069209295541,20919,СТИЧ | ЧАТИК,1476408991
,1675697312,-7759112825587911745,𝓥𝓮𝓻𝓸𝓷𝓲𝓴𝓪,СТИЧ | ЧАТИК,1476408991
,5250370953,4964136747897583206,ㅤ,СТИЧ | ЧАТИК,1476408991
,5041619347,-3840839693113739534,Танюха,СТИЧ | ЧАТИК,1476408991
tooch_66,5504055663,-686701235039160798,[]™экстросекс𒐫𒐫𒐫𒐫,СТИЧ | ЧАТИК,1476408991
KatyaYd,5456663997,-4998982689893148958,Катя,СТИЧ | ЧАТИК,1476408991
SouzUwU,1720855120,3198977035899880124,🌪༒☬Φαρατ☬༒🌪,СТИЧ | ЧАТИК,1476408991
,1557517425,7655424931407728548,мишка фреди,СТИЧ | ЧАТИК,1476408991
Chernota_ebet_deteu,5457448561,-2270392852270086515,Чернота,СТИЧ | ЧАТИК,1476408991
Makapqu17,5568259704,-7292559332780909609,Хахахаххахахааа Хаххахахаха,СТИЧ | ЧАТИК,1476408991
BanderaStepan21,950972616,-3824583147248737398,Максюша,СТИЧ | ЧАТИК,1476408991
Rdyhik,1290310062,-572196429165239402,Андрей топ,СТИЧ | ЧАТИК,1476408991
,5532335238,3387189004364063128,13.right.12,СТИЧ | ЧАТИК,1476408991
nkvd1509,1935426539,-2546261858002088843,Твоя Зависимость,СТИЧ | ЧАТИК,1476408991
im_scripter,1118639609,1456983875367396877,пон,СТИЧ | ЧАТИК,1476408991
Timaifrit,5583952670,9008107142115978965,человек,СТИЧ | ЧАТИК,1476408991
chiiiiijkkkkkkk,1062828387,-6207283602479321085,?,СТИЧ | ЧАТИК,1476408991
diananikitinatrade,5746231833,7739309692455436811,resĕrvŷ,СТИЧ | ЧАТИК,1476408991
Qside_one,5245549732,-7661140338444936145,𝖀𝖓𝖉𝖊𝖗,СТИЧ | ЧАТИК,1476408991
Abobo0986,2137767104,-6487898935869718961,ХАХАХАХАХАХАХА,СТИЧ | ЧАТИК,1476408991
sofukuu,1435409599,3118917052339382168,meow,СТИЧ | ЧАТИК,1476408991
BOT999xexe_l_Bot,5062695766,2196428718194618340,Эхххх,СТИЧ | ЧАТИК,1476408991
kruskris,5758868969,-1977664726990004069,Blurry Face,СТИЧ | ЧАТИК,1476408991
dyraste_exe,1981770235,-6466353442445978186,Dym\,СТИЧ | ЧАТИК,1476408991
So2malyy,1782520032,-7275401304060987119,𝘇𝗮𝗶𝗸𝗮 (900/1600),СТИЧ | ЧАТИК,1476408991
muewsss,1935078073,5148760386770280668,@muews,СТИЧ | ЧАТИК,1476408991
,5386017918,-1448717906705779006,,СТИЧ | ЧАТИК,1476408991
,5130932479,-3656924514798714824,,СТИЧ | ЧАТИК,1476408991
Staril1,1168504794,8049649992205845425,Andrey Vladimirskij | Staril,СТИЧ | ЧАТИК,1476408991
,5256385239,-3487812076630071659,d1mon,СТИЧ | ЧАТИК,1476408991
Tortik26,5306974977,3910385046431636420,Stepur Ivan,СТИЧ | ЧАТИК,1476408991
tori_or,5106616199,-3799123827744610236,🇷🇺тори🇷🇺,СТИЧ | ЧАТИК,1476408991
DAYN998,5161023586,-5870476905990297559,Люблю негров,СТИЧ | ЧАТИК,1476408991
Vikasghr,1697532998,-7929336388506502782,Вика,СТИЧ | ЧАТИК,1476408991
,1800408129,562315756757130493,Анна,СТИЧ | ЧАТИК,1476408991
Kir_llo,2113754139,-564439007164942211,кирилл,СТИЧ | ЧАТИК,1476408991
lol_1087,5141659865,-8515024992751394788,loonlove...,СТИЧ | ЧАТИК,1476408991
,5572228458,-5065704751538898081,Jòñī DÕÕÑ,СТИЧ | ЧАТИК,1476408991
Popka4446,5532779949,8399833581346637028,𝐩𝐨𝐩𝐤𝐚,СТИЧ | ЧАТИК,1476408991
,1695945434,-9104156462153492790,бваґ алала,СТИЧ | ЧАТИК,1476408991
cryptooooooooooooooooooooooooox,5701040864,4788160676984950451,Huba,СТИЧ | ЧАТИК,1476408991
sparrow0279,5310703584,2517977823415325428,Роман Аркедьев,СТИЧ | ЧАТИК,1476408991
,5484028588,4908742228251977839,,СТИЧ | ЧАТИК,1476408991
cherkvash,1940260458,-3405636193172329740,Мяу🐾,СТИЧ | ЧАТИК,1476408991
koshka_kiska,5546609527,-4463168169249127342,Кошка 🐈,СТИЧ | ЧАТИК,1476408991
,5417734251,41643389003243219,,СТИЧ | ЧАТИК,1476408991
Xdddri,1205369916,-6118798469754800572,<3,СТИЧ | ЧАТИК,1476408991
Dahajakakaha8,5451515308,-1219844100655021245,69032,СТИЧ | ЧАТИК,1476408991
,5751476707,-1067297707597321732,... ...,СТИЧ | ЧАТИК,1476408991
VDT_KSK_TTT,5061352798,96951001439007631,"Н̴̗̥̲̀̉̇͒̄а̸͝͝ ̽с̃и̵̢͓̎̒̔͊̅͠͠л̴̡̧͙̮͈̩͔̍͂̚и͠е̻͉̱͛̑""",СТИЧ | ЧАТИК,1476408991
,2021357778,4664619366977454339,Arsen592,СТИЧ | ЧАТИК,1476408991
,999310535,-8973356193695920753,Мансур,СТИЧ | ЧАТИК,1476408991
Mihananano,5133086631,8562248538519598244,Mihananana Мишута,СТИЧ | ЧАТИК,1476408991
,1984629529,-3746122938841548446,uchiha itachi,СТИЧ | ЧАТИК,1476408991
,1402279606,5921306064088613941,𝕸𝖊𝖔𝖜𝖃𝖘𝖓 𝕸𝖊𝖒𝖊𝖘🐮🌍,СТИЧ | ЧАТИК,1476408991
,1602776743,7520703714460097483,Ulug'bek Abdug'afforov,СТИЧ | ЧАТИК,1476408991
,5604311569,4224386731274308349,Juliana,СТИЧ | ЧАТИК,1476408991
Guld4n,1999103531,4408935586245965129,Ⲅⲩⲗ'Ⲇⲁⲏ,СТИЧ | ЧАТИК,1476408991
Pow_ton,5138480843,-4896103034121874106,Sofia_Badly❤,СТИЧ | ЧАТИК,1476408991
,5717227280,8237656615641264849,.,СТИЧ | ЧАТИК,1476408991
Glory_to_Ukrain_DaNiLka,5122387323,-3022934273567194739,ァ影𝕯𝖆𝖓𝖎𝖑𝖐𝖆影ァ 大ghoul大,СТИЧ | ЧАТИК,1476408991
,5447244714,7986145535362646873,Марсик,СТИЧ | ЧАТИК,1476408991
,5628022966,2772481480751256096,Дима,СТИЧ | ЧАТИК,1476408991
The_Mishko,817534500,2171790789112645388,Michael,СТИЧ | ЧАТИК,1476408991
pontirf,1422491050,-960296264753315110,Хз кто,СТИЧ | ЧАТИК,1476408991
,5753957066,4351233634108384014,,СТИЧ | ЧАТИК,1476408991
,5211020718,-6903827459321615672,,СТИЧ | ЧАТИК,1476408991
Cudo_sollo,1061880655,-6324191689742614359,),СТИЧ | ЧАТИК,1476408991
Dima2628,1985018805,-8042611167427260539,Fjxruf Danil2008van2008,СТИЧ | ЧАТИК,1476408991
,5200341565,-8311202881155333183,___Abujan___,СТИЧ | ЧАТИК,1476408991
cvnvfdxc,1067895459,437796329053652005,Damir Shebzuhov,СТИЧ | ЧАТИК,1476408991
romzesss3,5605195672,-113685874924546632,рома,СТИЧ | ЧАТИК,1476408991
trexgena,5155237609,9144529537117286649,T-Gena,СТИЧ | ЧАТИК,1476408991
UBIVAKA224,1520410117,2242440515046084693,UBIVAKA,СТИЧ | ЧАТИК,1476408991
,1610674745,2447193741698595281,ツBøŝŝツ,СТИЧ | ЧАТИК,1476408991
ASSETST,5221758979,-2245492153714147781,йогурт,СТИЧ | ЧАТИК,1476408991
,1750710781,937673011769695558,Лилька,СТИЧ | ЧАТИК,1476408991
,5411342001,-1140919185854939362,❤💋,СТИЧ | ЧАТИК,1476408991
H1oma,1202589765,1031413179143227044,Эль примо,СТИЧ | ЧАТИК,1476408991
Tiloxipidrrrr,1915692713,4619282400958446628,Monster,СТИЧ | ЧАТИК,1476408991
Bebra4ka_chc,5355598897,3282471236705301568,элис,СТИЧ | ЧАТИК,1476408991
,1375392808,4949498498527778344,$MATRANG,СТИЧ | ЧАТИК,1476408991
,5353453223,1110313437972932927,Макс,СТИЧ | ЧАТИК,1476408991
krut99,5513041871,-449339559622161767,дмитрий нагиев,СТИЧ | ЧАТИК,1476408991
,5012833371,5479073814776209689,🍑,СТИЧ | ЧАТИК,1476408991
Paytuks,1110553680,-3781142776060353507,крёстная мать,СТИЧ | ЧАТИК,1476408991
,5673507994,-581461645761788566,,СТИЧ | ЧАТИК,1476408991
Back455,5631302404,575362825043657477,Каллен,СТИЧ | ЧАТИК,1476408991
vntkp,5558738620,4854106604465136846,Ванятко,СТИЧ | ЧАТИК,1476408991
,1949829264,-8857643491682905120,Дима,СТИЧ | ЧАТИК,1476408991
,1867040195,755140467794932783,Maria...,СТИЧ | ЧАТИК,1476408991
,5734722350,-7228794726431519620,Александра Самородова,СТИЧ | ЧАТИК,1476408991
,5592295843,-6236781287962625173,🥵,СТИЧ | ЧАТИК,1476408991
,5520370470,-5769413593383941739,Димас карнавал,СТИЧ | ЧАТИК,1476408991
,5283345491,-686142438439773662,абоба,СТИЧ | ЧАТИК,1476408991
,5320564800,1709967659025728301,Ростік Чоповенко,СТИЧ | ЧАТИК,1476408991
lla_NecHTo_all,1878494822,-3088770504065861257,╰⁔╯ᏗᏝᏝ*ᏦᎥᏝᏝ乂⁰⁷▓ ╰⁔╯ᏗᏝᏝ*ᏦᎥᏝᏝ乂⁰⁷▓,СТИЧ | ЧАТИК,1476408991
,1888494750,-4959767124025146569,Даня Про 🇺🇦🇺🇦🇺🇦🇺🇦🇺🇦,СТИЧ | ЧАТИК,1476408991
Ga_Ga_RRin,5548839975,1869918341906195347,GAGARIN,СТИЧ | ЧАТИК,1476408991
,5361640094,4767816168416539124,MrSkam @-@,СТИЧ | ЧАТИК,1476408991
Hahahahahahahai,5585488406,8296636706563266411,ㅤ,СТИЧ | ЧАТИК,1476408991
vernix1337,2102932843,-6851238804367796018,Maxxx Apk (Nikka CreatSoft),СТИЧ | ЧАТИК,1476408991
,5461154434,-4228999006053897599,Ujfh Gh,СТИЧ | ЧАТИК,1476408991
,5743168712,7164159696721096759,Сай-хээ Бавуу,СТИЧ | ЧАТИК,1476408991
,1578948393,2187615532009018260,_𝑨𝑿𝑰_𝑺𝑨𝑩𝑹 _🐺,СТИЧ | ЧАТИК,1476408991
allforPidorsBott,5401588470,-7827420339767880950,Пидорбот,СТИЧ | ЧАТИК,1476408991
Nikixxz,5501330357,2132035783712156959,♡,СТИЧ | ЧАТИК,1476408991
Isiklassik,5212078272,-4009213979343717804,混蛋,СТИЧ | ЧАТИК,1476408991
kalerma,1442743024,-6052478572868026848,гон флада🍌,СТИЧ | ЧАТИК,1476408991
Starfoob,5530359567,6737555701085286017,T҈E҉I҈K҉I҈,СТИЧ | ЧАТИК,1476408991
,5588839051,-3104069043156936264,Матвей,СТИЧ | ЧАТИК,1476408991
lesyakisly,5463379074,603608889942403608,Ксюша,СТИЧ | ЧАТИК,1476408991
bellk32,5397228163,-1419691856645336323,🥀벨라 필리포바🥀,СТИЧ | ЧАТИК,1476408991
Dan4ik_buruy,2046337960,-8957003555784078236,QWE_ZXC_QWE,СТИЧ | ЧАТИК,1476408991
zz0zz2,1908661041,6167629707631723292,_Yulia_,СТИЧ | ЧАТИК,1476408991
,5125967156,2986961492506051722,,СТИЧ | ЧАТИК,1476408991
,5790934534,7153677394736732503,.....,СТИЧ | ЧАТИК,1476408991
,5718837207,7246735953368300892,KANEKI,СТИЧ | ЧАТИК,1476408991
,5560986631,8579315297682631763,Бодя,СТИЧ | ЧАТИК,1476408991
irakoroleva228,5493045827,6789702229626437100,ира,СТИЧ | ЧАТИК,1476408991
MurAndMeow,759074695,-7967894398637388996,Лерок,СТИЧ | ЧАТИК,1476408991
,1487522740,-5877972766837106885,%Pezoto@,СТИЧ | ЧАТИК,1476408991
,1511172414,-7312796399187194457,Кто-то,СТИЧ | ЧАТИК,1476408991
,5394897139,-7365960890938300672,♡︎~Алина♡︎>,СТИЧ | ЧАТИК,1476408991
,1519139628,8208259188786151930,David Brown,СТИЧ | ЧАТИК,1476408991
Swit1Xo,1752582709,4874324727600971461,ᴨᴩиʙᴇᴛ),СТИЧ | ЧАТИК,1476408991
,5721042849,8226815485792402858,Вьетнам,СТИЧ | ЧАТИК,1476408991
Kiriya_v,1246822325,-6568083505033818791,𝐾𝑖𝑟𝑖𝑦𝑎,СТИЧ | ЧАТИК,1476408991
Pipiskin667,982757094,8077141063627004300,Faster,СТИЧ | ЧАТИК,1476408991
Hfhtivbkih790099568900,5799503110,6359340669829663700,Не Твой Аккаунт,СТИЧ | ЧАТИК,1476408991
uukrudr,5498716557,-108247253372130086,Diana Dmitrieva,СТИЧ | ЧАТИК,1476408991
,2119117468,5220407320016347508,Nasta,СТИЧ | ЧАТИК,1476408991
,5503853178,6261049160795449978,,СТИЧ | ЧАТИК,1476408991
,5553540014,5705376268250245389,Профессор,СТИЧ | ЧАТИК,1476408991
MIRON_YANOVIC,5407004276,-7408289898526805575,Твой хомячок,СТИЧ | ЧАТИК,1476408991
kisamilaxa,5711426898,6317058885285448106,Кристи,СТИЧ | ЧАТИК,1476408991
,1302714354,4983268248442849270,ㅤ,СТИЧ | ЧАТИК,1476408991
Lil_Jeon,1052317744,6971325689426569154,Lil Jeon,СТИЧ | ЧАТИК,1476408991
jhtl0127,2036359581,3878942582217015035,< 3,СТИЧ | ЧАТИК,1476408991
Talking0302,1373546848,-4869576065752603616,02,СТИЧ | ЧАТИК,1476408991
wwom0,1234193728,-7716432502950366691,꧁༒☬༺ʰᵉⁿᵗᵃᶦ♡ちモれㄗ丹工༻☬༒꧂,СТИЧ | ЧАТИК,1476408991
Ules8,784317903,3084958504160284883,.....,СТИЧ | ЧАТИК,1476408991
Poly2008766,5335316517,-4526202248887646592,. No name,СТИЧ | ЧАТИК,1476408991
whownh,2010719798,8024009577870688888,соль,СТИЧ | ЧАТИК,1476408991
Rater_R_Edge,5397841941,3352529073920309908,Rated R Edge,СТИЧ | ЧАТИК,1476408991
Rey_Mysterio_Best_619,5470703567,272336582373657661,Rey Mysterio,СТИЧ | ЧАТИК,1476408991
Di_300327,5470627152,-4806433176141412654,Diana Umarova,СТИЧ | ЧАТИК,1476408991
,5457649839,529332904731234737,,СТИЧ | ЧАТИК,1476408991
,5458121613,-688798247840424466,Максим,СТИЧ | ЧАТИК,1476408991
D66kizary66,1710448692,3768700700479291161,KIZARY,СТИЧ | ЧАТИК,1476408991
,1966138037,1101216364683564596,Али Алиевич,СТИЧ | ЧАТИК,1476408991
ALEXSUNCHIK,5301082861,2610885790785042520,Саня ❤️,СТИЧ | ЧАТИК,1476408991
,5001596541,-7955649251600932757,Daniil Lyalin,СТИЧ | ЧАТИК,1476408991
qqqqqqqqqqqqqqqqqqqqq666,1176337317,-3774641395769719571,Vįķţŏř,СТИЧ | ЧАТИК,1476408991
anii_wer123,5473826020,5375371099638721593,женя,СТИЧ | ЧАТИК,1476408991
Luda_bitch,1643482120,-5825216730987175696,Я БАДАБУМ,СТИЧ | ЧАТИК,1476408991
the_diyor_me,5415878045,3960716603965477900,꧁𒅒༒узбек сила༒𒅒꧂,СТИЧ | ЧАТИК,1476408991
,5311925320,-7487357948889385920,AMiRsHo ~02,СТИЧ | ЧАТИК,1476408991
,5723402636,-5954291320035593632,,СТИЧ | ЧАТИК,1476408991
forceyukki,5537785463,8594772946873696203,юки from me,СТИЧ | ЧАТИК,1476408991
nothing1964,962926633,-637978397427254674,nothing,СТИЧ | ЧАТИК,1476408991
SoKra_l,5300585737,-5173138873405916683,SoKra,СТИЧ | ЧАТИК,1476408991
veniyawerq,814138364,6348516018384983729,кіця кіцька,СТИЧ | ЧАТИК,1476408991
,5368080979,9115405370401371328,ЛЮТЫЙ,СТИЧ | ЧАТИК,1476408991
,1335783549,-4007783922563498091,<,СТИЧ | ЧАТИК,1476408991
,5530572984,-8456495902096179790,Тигуучу Опыт Бар,СТИЧ | ЧАТИК,1476408991
mirnogorichennianebyde,5194827155,-1986023106580505506,anchi._.kkk,СТИЧ | ЧАТИК,1476408991
,5619558861,-8134903778979513236,лу,СТИЧ | ЧАТИК,1476408991
capibaraman,5480804171,-9098417792145145040,pink,СТИЧ | ЧАТИК,1476408991
,5610159627,3633716164224611481,Аня Мурр,СТИЧ | ЧАТИК,1476408991
,5789124506,1299263067751913409,хз Хто Ххххх,СТИЧ | ЧАТИК,1476408991
Soniloon1,1055822252,-963619736275459337,Soniloon,СТИЧ | ЧАТИК,1476408991
,2006219107,5279106475721100267,эдгар,СТИЧ | ЧАТИК,1476408991
Pavel_Shadowraze,1457532418,3243097175448507645,Pavel Shadowraze,СТИЧ | ЧАТИК,1476408991
tatarin_nm,5474793750,2566908925559381356,(^•^)<3,СТИЧ | ЧАТИК,1476408991
DangDuck,1436323576,-4535267408266198637,Банан Банан,СТИЧ | ЧАТИК,1476408991
marjinap,5489408638,-4146273790498928026,Marina,СТИЧ | ЧАТИК,1476408991
,5435348037,1695329003777008184,♡♡,СТИЧ | ЧАТИК,1476408991
Heizvestno1,1585113765,-2014782157033091921,HeUcBeCTHo,СТИЧ | ЧАТИК,1476408991
katyuhahahahaha,5498129862,3310991259769348762,девочка paypal,СТИЧ | ЧАТИК,1476408991
,1267564930,275971233976631843,†NaZeMnI†,СТИЧ | ЧАТИК,1476408991
ShIfik_101,5299292730,4435693253102463802,Я не кусаюсь <3 Ищу друзей,СТИЧ | ЧАТИК,1476408991
GulbananarangaZXC,5180907343,-5584650520377863110,Евгений,СТИЧ | ЧАТИК,1476408991
Independent_xD,5006940018,3864266433268250501,💠,СТИЧ | ЧАТИК,1476408991
Shaman_orig,542528266,7063661515053196590,Вадим,СТИЧ | ЧАТИК,1476408991
Karnaval865,5488659074,1356394560770907719,Isa Pc,СТИЧ | ЧАТИК,1476408991
Aska_xyu,1637494171,-1965463520795013033,Ог,СТИЧ | ЧАТИК,1476408991
,5414921446,4831526216356023534,,СТИЧ | ЧАТИК,1476408991
,5410585546,4407382984989022797,,СТИЧ | ЧАТИК,1476408991
,5467205260,1407323911906914893,Кирилл,СТИЧ | ЧАТИК,1476408991
gogopapiz,5462526954,5463041138477554850,Гаргамель,СТИЧ | ЧАТИК,1476408991
ssmulkija,1356726283,1246928599635835370,анфиса...,СТИЧ | ЧАТИК,1476408991
,5693498629,-226563318477322370,Таня,СТИЧ | ЧАТИК,1476408991
Tomato_0000,5100473621,3104913358409128943,Саня,СТИЧ | ЧАТИК,1476408991
,5518950601,2011869311811007252,Ханзо,СТИЧ | ЧАТИК,1476408991
,2046949768,1928256849144365917,MrJojo!,СТИЧ | ЧАТИК,1476408991
,5457922812,2589671336642314541,I need you,СТИЧ | ЧАТИК,1476408991
Edyard0890,5219454141,5722029350884514274,Ед,СТИЧ | ЧАТИК,1476408991
Don_2008_14,1263157115,7240435558975136580,Edgars💚,СТИЧ | ЧАТИК,1476408991
HIKTQ,1653658190,-7664547605566494783,qwq,СТИЧ | ЧАТИК,1476408991
,5519207932,3849455731646693540,~𝓢𝓽𝓮𝓯𝓪~,СТИЧ | ЧАТИК,1476408991
,5539789428,631887544222406519,Анальный БЛЯ УУ,СТИЧ | ЧАТИК,1476408991
JimVirt1,1608840510,847257999110706771,santa ANTISKAM,СТИЧ | ЧАТИК,1476408991
Coder_sl3nd1k,5202801810,-5762158383999504815,sl3nd1k,СТИЧ | ЧАТИК,1476408991
,5406600236,-3978091295885650249,,СТИЧ | ЧАТИК,1476408991
Stir29,5249284006,2980841533775265573,🧷 Булавка,СТИЧ | ЧАТИК,1476408991
,5219781319,5020939807876619938,гав,СТИЧ | ЧАТИК,1476408991
opakanamstaDELUXE,5331902334,-468151175572863410,Путь левого яйца,СТИЧ | ЧАТИК,1476408991
Alina_kirov,5588506265,1855111394077053041,Alina_kirovа,СТИЧ | ЧАТИК,1476408991
,5746909711,-2046536067394413627,,СТИЧ | ЧАТИК,1476408991
Duro4ka_38,5745997776,8573428030885003358,Писька бобра,СТИЧ | ЧАТИК,1476408991
,5671662735,-4767653570999458492,,СТИЧ | ЧАТИК,1476408991
ritaPayy,5265282683,-8902027980781192978,Маргарита Лагутина,СТИЧ | ЧАТИК,1476408991
,1760666081,5949867057060055968,Назар Назар,СТИЧ | ЧАТИК,1476408991
,5540780249,4119186735046031090,yuldiz,СТИЧ | ЧАТИК,1476408991
Constanta_1,5462137763,-6204579189775437649,М,СТИЧ | ЧАТИК,1476408991
ULTRAMAXCASE,1956702195,2559267571597776651,Бара барп,СТИЧ | ЧАТИК,1476408991
Hz_sl,5058759513,-4457693541484146544,Чо ._.,СТИЧ | ЧАТИК,1476408991
,5540282082,-537976183748659098,,СТИЧ | ЧАТИК,1476408991
,1277815403,8260854919882831814,⁣,СТИЧ | ЧАТИК,1476408991
,5731589604,7684108892117931644,,СТИЧ | ЧАТИК,1476408991
Nogrenki,2025648416,7735092769234098528,Grenki Xx2,СТИЧ | ЧАТИК,1476408991
,5407622994,-247089395143271546,Myrka,СТИЧ | ЧАТИК,1476408991
,5417667323,-64519775059742842,,СТИЧ | ЧАТИК,1476408991
linkapop,1447739389,6636275604980959199,Анжелика❣,СТИЧ | ЧАТИК,1476408991
,5749326827,4235901250652617659,,СТИЧ | ЧАТИК,1476408991
,1252649602,-1272626077613249443,AHMAD KAMAL,СТИЧ | ЧАТИК,1476408991
win1bots,1827093158,8084614184632321251,1Win,СТИЧ | ЧАТИК,1476408991
,2106940562,8989556811995782471,Granit. Mirsaliev.,СТИЧ | ЧАТИК,1476408991
dgjdtb,5300737887,-48318342650880870,Влад,СТИЧ | ЧАТИК,1476408991
mishaluk,810905817,-9093304795483165881,Misha,СТИЧ | ЧАТИК,1476408991
tooooly,5103254870,-6636327312035946991,Толя Сумгатов,СТИЧ | ЧАТИК,1476408991
ROMAKOTNK,1587063493,9003681914384036164,Ромка,СТИЧ | ЧАТИК,1476408991
bus96,2115948073,-4372023205055885293,БУЛОЧКА ПУЛОЧКА🎗,СТИЧ | ЧАТИК,1476408991
,5174371469,9121252028403392394,Дамир Гапеев,СТИЧ | ЧАТИК,1476408991
hellmate21,1262076194,2232012294314764366,No Opridan,СТИЧ | ЧАТИК,1476408991
,1072660998,593651241418625339,Марик,СТИЧ | ЧАТИК,1476408991
,5558720142,-4971671032364189646,Alex,СТИЧ | ЧАТИК,1476408991
Pilimeni_66,5210906423,-5511054102709471777,Пук,СТИЧ | ЧАТИК,1476408991
,5482058079,-6304813271135573300,,СТИЧ | ЧАТИК,1476408991
anxort,944733417,-3803391892179674059,♡,СТИЧ | ЧАТИК,1476408991
kibersport2000,1636972642,-4325402381056231316,сява:),СТИЧ | ЧАТИК,1476408991
,5538757156,-1743586792982344023,,СТИЧ | ЧАТИК,1476408991
,5353580959,-8538877240346357795,,СТИЧ | ЧАТИК,1476408991
,5072452964,-4475579525100027930,Еб Лан,СТИЧ | ЧАТИК,1476408991
,1827947891,5738880173861951389,Никита Лаврентев,СТИЧ | ЧАТИК,1476408991
Arti220597,936128290,786779358783389323,Arti,СТИЧ | ЧАТИК,1476408991
,2050593905,2600859394820037626,Feri Dawn,СТИЧ | ЧАТИК,1476408991
poteryala_mozgi,1618871639,-6351372226833954639,***,СТИЧ | ЧАТИК,1476408991
peper_18,5425026660,-741106964799492063,Диана,СТИЧ | ЧАТИК,1476408991
itz_CJ911,5490883698,2100122822085636590,CJ,СТИЧ | ЧАТИК,1476408991
DanekGladski135,5599713186,12306698576136461,Даня Гладский,СТИЧ | ЧАТИК,1476408991
sad_style69,1175497912,-1207831674285085744,Лера,СТИЧ | ЧАТИК,1476408991
GG_RUS19,5077746347,4852742432838264804,LADNO,СТИЧ | ЧАТИК,1476408991
,1485439805,-818378739256059001,love,СТИЧ | ЧАТИК,1476408991
buiops,5760386921,-248399547121616865,Николай Рубанов,СТИЧ | ЧАТИК,1476408991
,5546501204,3996113274586494781,Der,СТИЧ | ЧАТИК,1476408991
jirtomir,5767648310,-8705304723004859458,Кристина Денина,СТИЧ | ЧАТИК,1476408991
,5715456653,-2765051613270980536,бабаевский Просто ШОКОЛАД,СТИЧ | ЧАТИК,1476408991
,1908002113,1845891433589904253,Cbr.edmon.rr,СТИЧ | ЧАТИК,1476408991
,2089027600,-2355418648651071839,fguvuwixx,СТИЧ | ЧАТИК,1476408991
,2112691706,1257901529286645546,рмс Эля,СТИЧ | ЧАТИК,1476408991
DiXBingo,5450542065,4003786547697796020,Эмма,СТИЧ | ЧАТИК,1476408991
kdHbdJvrhdhdj,5604265753,5937538846296352203,Кирилл😘 Пакров,СТИЧ | ЧАТИК,1476408991
,5189431171,-1644741069070813181,Артём Морозов,СТИЧ | ЧАТИК,1476408991
,5179518857,-4270381452265805625,Дима Андреев,СТИЧ | ЧАТИК,1476408991
amirxiss,1805592261,-200400204783583746,𝙲𝚁𝙸𝙼𝚂𝙾𝙽|𝙰𝙼𝙸𝚁𝚇,СТИЧ | ЧАТИК,1476408991
skryypton,1769309376,8189595467316518276,skryypton,СТИЧ | ЧАТИК,1476408991
Free_138,5238478986,-7337071155419774393,أبله,СТИЧ | ЧАТИК,1476408991
rmn_grt,1254330805,-3769039259104293038,Роман Грицай,СТИЧ | ЧАТИК,1476408991
Iolkopi,5575998344,789900528319309295,ꠋꠋꠋꠋꠋꠋꠋꠋꠋꠋꠋㅤㅤㅤ,СТИЧ | ЧАТИК,1476408991
milanamilawka,1719772839,-5464862594805433936,Милана Милашкарр,СТИЧ | ЧАТИК,1476408991
,1521633417,3529856503341480436,Valera,СТИЧ | ЧАТИК,1476408991
,1085844952,-9176175140933535856,Лисёнок,СТИЧ | ЧАТИК,1476408991
kri7tea,5116742994,-4350201502327644434,Кристяᰔᩚ,СТИЧ | ЧАТИК,1476408991
KatyshaYT,2129295877,1935827683562036130,Валентин,СТИЧ | ЧАТИК,1476408991
,5503261256,601709542663124538,хулиган,СТИЧ | ЧАТИК,1476408991
,2106679672,1332815853920202812,МАКС Тарнавський,СТИЧ | ЧАТИК,1476408991
Gengarf,1844242623,-7794390951510601899,ZETSU,СТИЧ | ЧАТИК,1476408991
,5091357443,4720687514530820264,Чай,СТИЧ | ЧАТИК,1476408991
Jvjnch,5576675373,212434198685673809,Мама👀,СТИЧ | ЧАТИК,1476408991
,497927333,3345304113952937964,ᅠᅠᅠᅠ,СТИЧ | ЧАТИК,1476408991
head_hunter999,2072457620,-4279713874605783810,Head Hunter,СТИЧ | ЧАТИК,1476408991
sweetieshb,5198039205,5422119531256899854,тянка.),СТИЧ | ЧАТИК,1476408991
,2072664185,-8296986941494588526,сева,СТИЧ | ЧАТИК,1476408991
,1342402936,-5431642183505072369,Макс Maximator,СТИЧ | ЧАТИК,1476408991
,5668014244,7544153747881836122,Василь,СТИЧ | ЧАТИК,1476408991
,5223318787,4620045133067615763,Жизнь,СТИЧ | ЧАТИК,1476408991
,5525313681,-3468555248556511974,,СТИЧ | ЧАТИК,1476408991
D_e_m_o_n_18,1942062372,7754182279406887832,Бессмертний,СТИЧ | ЧАТИК,1476408991
Lizee789,738462845,736385069374552689,𝕳𝖎𝖑𝖑𝖘 •.• ᶖŊ TḨe Ęnď •.• 𝕳𝖎𝖑𝖑𝖘,СТИЧ | ЧАТИК,1476408991
Podorozniktop,2074829229,-5738755809400574813,RASTOBпаBLOKE,СТИЧ | ЧАТИК,1476408991
,1965260190,-4461716387487873758,you are my aesthetics ba;) ;!,СТИЧ | ЧАТИК,1476408991
,5189849850,-406301337248944407,Guli Guli,СТИЧ | ЧАТИК,1476408991
,5054959265,5970448839380491635,Nurzod,СТИЧ | ЧАТИК,1476408991
kro_h0,5361011248,-1320848270675326102,Пупсик,СТИЧ | ЧАТИК,1476408991
DanyaKG,5062825853,4594056377799612473,"I'm so tried, I wanna sleep.",СТИЧ | ЧАТИК,1476408991
not_yours382,903745328,765084043623972489,Снежана🐾,СТИЧ | ЧАТИК,1476408991
Hot_Yakut,1536112836,5152486716563152443,Malish,СТИЧ | ЧАТИК,1476408991
Darinka20030,1894579886,3613647967032789456,D,СТИЧ | ЧАТИК,1476408991
,1860821199,8235681342076896501,Roma Survival Roma Survival,СТИЧ | ЧАТИК,1476408991
,1975788280,-9014891009030081162,,СТИЧ | ЧАТИК,1476408991
,2136747938,5460360772265851842,WAR_алкашка♡,СТИЧ | ЧАТИК,1476408991
dolboeb172,5412606790,-3239282781744287270,соси хуйло,СТИЧ | ЧАТИК,1476408991
Kumushoyledi,2129060782,1311863625271783261,Диана,СТИЧ | ЧАТИК,1476408991
,1567589074,9148199682901744472,Милана,СТИЧ | ЧАТИК,1476408991
,5240379109,2929448092720145754,андрей удавыдченко,СТИЧ | ЧАТИК,1476408991
Vverronnikka_10,5223245916,3369682955961526727,Nika~✿,СТИЧ | ЧАТИК,1476408991
,1379627790,467782658899189538,альбоб,СТИЧ | ЧАТИК,1476408991
,5568000352,1965649809337577399,,СТИЧ | ЧАТИК,1476408991
Kola22899,1440077475,519526570015631389,Арсен,СТИЧ | ЧАТИК,1476408991
,5560631454,8115998875583568219,Dolo,СТИЧ | ЧАТИК,1476408991
Nasty_borina,5560094688,-7775908200155592083,Анастасия Борина,СТИЧ | ЧАТИК,1476408991
gdeflynix,1516869417,1355588640766954031,Flynix ?пон,СТИЧ | ЧАТИК,1476408991
Retdyl,1197980074,2320818770182321746,Алі,СТИЧ | ЧАТИК,1476408991
syomga_13,1043088033,8822901455409252988,мышь,СТИЧ | ЧАТИК,1476408991
yourkroshhh,5129799592,-4826386271781773482,Пупсик,СТИЧ | ЧАТИК,1476408991
torettoo00,5128125362,6996025129836180822,❤️🖇️,СТИЧ | ЧАТИК,1476408991
Johongir0001,751560476,-3857012550166727989,Jaxongir,СТИЧ | ЧАТИК,1476408991
,2006233072,2298906882469313850,💪🖤,СТИЧ | ЧАТИК,1476408991
,1036631678,-2018895680844021748,Криса,СТИЧ | ЧАТИК,1476408991
queitxs,5024672252,7815835584037700199,݆݆݆݆݆݆݆ܻܻࣩࣩࣩࣩࣩࣩ࣯ࣩࣩࣩࣩࣩࣩࣩࣩࣩࣩࣩࣩࣩࣩࣩࣩࣩࣩࣩࣩࣩࣩࣩࣩࣩࣩࣩࣩࣩࣧࣧࣧࣧࣧࣧࣧࣧࣧࣧࣧࣧࣧࣧࣧࣧࣧࣧࣧ,СТИЧ | ЧАТИК,1476408991
BrodRgal,2021119713,993238874113042216,tomi,СТИЧ | ЧАТИК,1476408991
,5444278467,-278114635585291039,ШАХНОЗА,СТИЧ | ЧАТИК,1476408991
marjona_a_05,5240113031,-7132754611655571969,Marjona,СТИЧ | ЧАТИК,1476408991
,5228265071,7222986982888549613,𝔗𝔯𝔦𝔫𝔞,СТИЧ | ЧАТИК,1476408991
hello777u,1637699630,-3610619319004775057,の,СТИЧ | ЧАТИК,1476408991
zagoroff,5557281972,5822091439405249853,zagoroff,СТИЧ | ЧАТИК,1476408991
,1804651444,-4465805600134693298,Пономарев Мартин,СТИЧ | ЧАТИК,1476408991
nikanika1503,1681201964,-23295867661911073,༻𓊈𒆜 Биба 𒆜𓊉༺,СТИЧ | ЧАТИК,1476408991
Kriper2004S,1704697288,9087420792927132139,Артём Пузо,СТИЧ | ЧАТИК,1476408991
Drekota,5024752986,513150830655666139,♡𝔻𝕣𝕖𝕜𝕠𝕥𝕒♡,СТИЧ | ЧАТИК,1476408991
,5365284477,2063516808697817594,I Love suprume,СТИЧ | ЧАТИК,1476408991
,5416119314,-2471600852934523667,57906,СТИЧ | ЧАТИК,1476408991
,5431254517,-1288466530478925622,,СТИЧ | ЧАТИК,1476408991
shourdick,5453440623,-6146549233180252995,игорянЮТ49bromaster,СТИЧ | ЧАТИК,1476408991
,5509195454,2954726241320957470,,СТИЧ | ЧАТИК,1476408991
dimachopik,681646627,1485794413035760590,Dima Chopik,СТИЧ | ЧАТИК,1476408991
li_panfi,5474270526,-1068908671822763514,Л Д,СТИЧ | ЧАТИК,1476408991
ami_nchik,1844831102,1258545234974693828,_aaaminkaaa_❤️,СТИЧ | ЧАТИК,1476408991
None1945,5140754742,-6179766384216256892,Ar Nem,СТИЧ | ЧАТИК,1476408991
,5200991551,-8953105933163473047,АнОнИмУС 228,СТИЧ | ЧАТИК,1476408991
,5564418176,-5004829377785521373,,СТИЧ | ЧАТИК,1476408991
,5132344007,-4626198841895967820,Vira,СТИЧ | ЧАТИК,1476408991
,1559402976,4118074321295056121,the fox),СТИЧ | ЧАТИК,1476408991
,1692355389,-8259321120369229432,Denchikfomka Денис Фомичёв,СТИЧ | ЧАТИК,1476408991
,5494268582,-373043919114376466,олень,СТИЧ | ЧАТИК,1476408991
,1301922075,-8558981687992146673,16²,СТИЧ | ЧАТИК,1476408991
vinishnn,766087520,8167852272936068786,🍷,СТИЧ | ЧАТИК,1476408991
Speed13337,1255601562,-2796192047369757183,Speed | не ошибся,СТИЧ | ЧАТИК,1476408991
Hr85evl,5260824440,-5836899010141403926,Вика💔,СТИЧ | ЧАТИК,1476408991
black_cherry9690,1407573419,4263009991551636664,black_cherry,СТИЧ | ЧАТИК,1476408991
wvierix,1212724409,5978213778949291963,Лависка от бога,СТИЧ | ЧАТИК,1476408991
Fawn2010,1489760361,1905496659461095591,Макарова😈 Софи🙄,СТИЧ | ЧАТИК,1476408991
Sushi_0a,1948997544,-8940818089553629651,Смайл,СТИЧ | ЧАТИК,1476408991
gandonraz,5373435235,-3714280541131893254,Эль Пабло,СТИЧ | ЧАТИК,1476408991
Lovely_you_and,5154582824,-9006831540377587561,Karina,СТИЧ | ЧАТИК,1476408991
,5094969844,8011638113181722143,,СТИЧ | ЧАТИК,1476408991
Gghdt466,1793572155,-4879355009025932962,xXxXx,СТИЧ | ЧАТИК,1476408991
Jaraxus_FIRST,1695500849,1807283564337961565,Румпельштильский,СТИЧ | ЧАТИК,1476408991
Boevoi_Kovboi,1555793086,6808532584765154825,Боевой Ковбой,СТИЧ | ЧАТИК,1476408991
AALBBEERTT,2081716372,-7282517885805781770,Ангел Альберт,СТИЧ | ЧАТИК,1476408991
,5319428302,7246802869323111779,Миша,СТИЧ | ЧАТИК,1476408991
alex_antydrugs,1082112337,-4039230615026739677,Алексей Антидрагс,СТИЧ | ЧАТИК,1476408991
,5532946490,4533747321262570332,"Я бебра, а ты бот",СТИЧ | ЧАТИК,1476408991
heheheheheheheheh_he,1238862421,8309842205501604631,<З,СТИЧ | ЧАТИК,1476408991
im_so_tired_l,5326741603,4252505630629717536,"анд, пон?#ссылка_в_био",СТИЧ | ЧАТИК,1476408991
wwp_01,5551349604,4816534476004540951,۝|▷𝙼𝚘𝙽𝚜𝚃𝚎𝚁◁|۝,СТИЧ | ЧАТИК,1476408991
,5112673635,2241016935633828020,король лев,СТИЧ | ЧАТИК,1476408991
maretkaa,2140966253,-4354661016863509057,💗Светульчик💗,СТИЧ | ЧАТИК,1476408991
,2089470132,-2342687680943122771,Ева 👑🔥⚡,СТИЧ | ЧАТИК,1476408991
,5380583583,-5660641881757773666,Din_a,СТИЧ | ЧАТИК,1476408991
,1740748229,-5596749344400675612,Hallower 💕,СТИЧ | ЧАТИК,1476408991
AZ0_9sau,1677844344,-4306908755828603673,Fitlane,СТИЧ | ЧАТИК,1476408991
phooooooenix,5468553894,-8878153867246851070,Bones,СТИЧ | ЧАТИК,1476408991
Princess_201528,1593030782,7020566365564898510,Тіміка,СТИЧ | ЧАТИК,1476408991
,1011806392,3628365312790303741,🖕🏻🖕🏻🖕🏻,СТИЧ | ЧАТИК,1476408991
sofityi,5286662221,-8580617823551833578,Ева+Диана 💝🥰 .,СТИЧ | ЧАТИК,1476408991
Asya893,1343263002,-4536994041828724558,Asya💋,СТИЧ | ЧАТИК,1476408991
Sodochka_Cobra,1548883025,2232619755930823298,Sodochka Cobra,СТИЧ | ЧАТИК,1476408991
Pinapl,1622078641,-833318184352317864,Alex,СТИЧ | ЧАТИК,1476408991
,5093625666,1334737293203113766,🧁Shirley 🧁,СТИЧ | ЧАТИК,1476408991
ubivay_tebya,1981447621,-609750172077148404,Таисия Митяевна❤️‍🩹,СТИЧ | ЧАТИК,1476408991
Madammmaa,1833066475,-857442821952566935,madam,СТИЧ | ЧАТИК,1476408991
Uuuunreal,5036776918,-2696389462784898638,<3,СТИЧ | ЧАТИК,1476408991
,5174271008,-3808483370156478308,_marinwsk_13,СТИЧ | ЧАТИК,1476408991
wehhq,1311857117,5684427057142893069,каска,СТИЧ | ЧАТИК,1476408991
Homami72,2137109650,7533786199779433591,🐹Хома🐹,СТИЧ | ЧАТИК,1476408991
,1947993293,-8593850860793849903,S1MPLE,СТИЧ | ЧАТИК,1476408991
,1710767072,517049489994460041,Егор Кочергин,СТИЧ | ЧАТИК,1476408991
,1642284367,2766626920658826796,Эльмар,СТИЧ | ЧАТИК,1476408991
Anfisa43,1878527693,-6264878587708624553,Жариные пелемени 🍽,СТИЧ | ЧАТИК,1476408991
alik0_0,2076008824,-4655510728491237007,Āłīk,СТИЧ | ЧАТИК,1476408991
sewlvzx,820366752,8335242616728904051,Seljan,СТИЧ | ЧАТИК,1476408991
,5521076714,-3241771273601230597,,СТИЧ | ЧАТИК,1476408991
,1751490651,-260115762568275979,xxxxxx Полухин,СТИЧ | ЧАТИК,1476408991
,5544496507,6788522873144328070,: :,СТИЧ | ЧАТИК,1476408991
skirder2,1619843006,6887274182012687763,ᅠ ᅠ,СТИЧ | ЧАТИК,1476408991
jjjjjjjjkklpoi,5170474022,-5517746739003238156,i,СТИЧ | ЧАТИК,1476408991
come_into_me,5438302492,1259523478239859801,неизвестен.,СТИЧ | ЧАТИК,1476408991
,5577302676,5576562458869644145,Саня,СТИЧ | ЧАТИК,1476408991
,5082136607,7689418563193601658,oksana,СТИЧ | ЧАТИК,1476408991
,5385380208,-6183536234372303164,,СТИЧ | ЧАТИК,1476408991
,5398983238,2758524928941606737,Raya Babayan,СТИЧ | ЧАТИК,1476408991
,5341028850,5338656386628806546,ALEN,СТИЧ | ЧАТИК,1476408991
,5243124355,-7971133504951932596,,СТИЧ | ЧАТИК,1476408991
,5124771908,1823823604887015966,Anush Ka,СТИЧ | ЧАТИК,1476408991
,5101322493,-3511344139463315003,Diana Movsesyan,СТИЧ | ЧАТИК,1476408991
,5011912077,-7016348199546097641,Նարե,СТИЧ | ЧАТИК,1476408991
,5003191463,7605869744481898548,Kamo,СТИЧ | ЧАТИК,1476408991
,2102760215,1305257313778501146,,СТИЧ | ЧАТИК,1476408991
TigranCrush,1998173597,-2127451589171692361,Tigrann GARANT,СТИЧ | ЧАТИК,1476408991
Linagames15,877617062,-7464064905177463952,🪅•Lina~Toka•🏖️,СТИЧ | ЧАТИК,1476408991
denisksksbsassazz,705405245,8229346641533839510,Dominus,СТИЧ | ЧАТИК,1476408991
dinstk,887229761,588194343390544437,Steady Vers,СТИЧ | ЧАТИК,1476408991
,5422305638,-6091112472485830471,:) ‹Мария›,СТИЧ | ЧАТИК,1476408991
a_9_xxx_9_a,1304850056,-4887738021456700761,Анна,СТИЧ | ЧАТИК,1476408991
babytapesquad,5141189881,8630585003132452168,Лизунчик 🥰,СТИЧ | ЧАТИК,1476408991
zaoves,1347793154,510898101258719659,:Tapok and Zanoveska;,СТИЧ | ЧАТИК,1476408991
Angelina_2204,5454396053,4802250032787105757,Ангелина,СТИЧ | ЧАТИК,1476408991
mansorykk,599984903,-8292498725878283918,Дмитрий,СТИЧ | ЧАТИК,1476408991
DedTop3,5345009169,-2786051502083795779,дед,СТИЧ | ЧАТИК,1476408991
MonaLisaMusterFuck,5434569858,-7146829353086465798,Lisa,СТИЧ | ЧАТИК,1476408991
,1458464032,-8745075233976474184,Varik✨,СТИЧ | ЧАТИК,1476408991
zxcTw1l,1288929631,-9200886826557327938,Murad 🥷,СТИЧ | ЧАТИК,1476408991
,5233940544,584098632076747175,✿AkT®iS@✿,СТИЧ | ЧАТИК,1476408991
Wentiops,1423644789,5908985620576141735,Wenti,СТИЧ | ЧАТИК,1476408991
,2023220157,-2984024702899067711,Макс,СТИЧ | ЧАТИК,1476408991
,5440060446,-8789531850166284112,Кристина гамбург,СТИЧ | ЧАТИК,1476408991
,639734194,6321314872917564395,Дарья Палий,СТИЧ | ЧАТИК,1476408991
spades_mon,5025513310,-118291949489761526,❤️Sani_4_ka💕,СТИЧ | ЧАТИК,1476408991
,5090532162,-5321624144053918942,Artem_Kent_YT,СТИЧ | ЧАТИК,1476408991
SAA_BAAA,1492957473,3805909544720061208,..,СТИЧ | ЧАТИК,1476408991
,5549043232,-7536580260855637370,,СТИЧ | ЧАТИК,1476408991
,1372640807,18046291198055577,дед инсайдик,СТИЧ | ЧАТИК,1476408991
,5117035076,-6306136614897854222,Максим Денисенко,СТИЧ | ЧАТИК,1476408991
svetlana_bler,953884813,148637767977326269,Светлана✨,СТИЧ | ЧАТИК,1476408991
lavrik143,289690723,4195229733617763321,Lavr Beltyukov,СТИЧ | ЧАТИК,1476408991
Pollary,443756633,-6270402946427976272,Daniel,СТИЧ | ЧАТИК,1476408991
timur_sergeevich_s,1373829486,-6332167916584201953,Timur MPHELP,СТИЧ | ЧАТИК,1476408991
OnellSoulja,206742625,-3868555641134206242,Daniel One'll,СТИЧ | ЧАТИК,1476408991
somebadverses,446175869,7858757451640660406,bodhocker💉,СТИЧ | ЧАТИК,1476408991
